identifier,pitch,sex
dev_gsxjp,106,0
dev_nkren,172,0
dev_aahtm,113,0
dev_aaoao,128,0
dev_abcsp,145,0
dev_abvwc,122,0
dev_adfcc,110,0
dev_adzuy,188,0
dev_aefjz,156,0
dev_aeglv,176,1
dev_aerzw,124,0
dev_afbvr,119,0
dev_afdyi,165,1
dev_afecb,163,0
dev_afpja,163,0
dev_aftza,148,0
dev_afxbe,119,0
dev_afzwk,216,1
dev_agato,208,1
dev_aggik,131,0
dev_agiwn,133,1
dev_agrtq,132,0
dev_ahftj,160,0
dev_ahjyd,144,1
dev_ahpvc,144,1
dev_ahrvm,144,0
dev_ahtrc,164,0
dev_uptqz,119,0
dev_uqndg,124,0
dev_uqrei,190,1
dev_urayk,129,0
dev_urdgi,163,1
dev_usihh,168,1
dev_uswsc,133,0
dev_usxdw,130,0
dev_utqpd,155,1
dev_uuylj,117,0
dev_uvckw,131,0
dev_uvdrt,174,1
dev_uvujl,115,0
dev_uwaya,184,1
dev_uwewz,213,1
dev_uwkdo,137,0
dev_uwyxx,170,1
dev_uxahn,129,0
dev_uxbsi,118,0
dev_uxntu,211,1
dev_uyzct,198,1
dev_uzfyh,190,0
dev_jcnln,127,0
dev_jcpdf,180,0
dev_jcyst,172,1
dev_jdatv,155,0
dev_jdetx,139,1
dev_jdgsx,205,1
dev_jeggm,174,0
dev_jejof,195,0
dev_jepde,168,1
dev_jewbx,155,0
dev_jfgvo,195,0
dev_jfxrj,168,1
dev_jgawy,190,1
dev_jgdld,113,0
dev_jgfdv,144,0
dev_jgrim,174,0
dev_jhdxj,188,1
dev_jhybv,145,1
dev_jhyjo,172,0
dev_jhykz,198,1
dev_jiavt,203,0
dev_jijaf,150,0
dev_jiyrm,133,0
dev_jjjcf,142,0
dev_jjrbc,97,0
dev_jjwek,119,0
dev_jkkwh,150,0
dev_jkkxc,167,0
dev_jkkxt,180,0
dev_jktef,112,0
dev_jladx,125,0
dev_jlfcy,101,0
dev_jllsh,157,0
dev_jmfgw,172,0
dev_jmfsn,124,0
dev_jmhzt,162,1
dev_fxthf,101,0
dev_fxyzg,106,0
dev_fxzld,133,0
dev_fycvi,94,0
dev_fytei,156,0
dev_fzfxi,137,0
dev_fzzok,200,0
dev_gacsp,176,1
dev_gasew,117,0
dev_gbaoi,121,0
dev_gbbnk,116,0
dev_gbhju,123,0
dev_gblzo,190,1
dev_gboce,163,0
dev_gbrux,154,1
dev_gcdla,196,1
dev_gdauv,186,0
dev_gdngc,205,1
dev_gdovf,188,1
dev_geewa,143,0
dev_gewfc,176,0
dev_gfffy,105,0
dev_gfhnt,134,0
dev_gfxgp,157,0
dev_ggddz,186,1
dev_ggjnl,160,1
dev_gglgf,193,1
dev_ggmzd,124,0
dev_phjas,115,0
dev_phkli,114,0
dev_phueg,174,1
dev_phvlz,203,1
dev_pihta,112,0
dev_pijco,124,0
dev_pimrz,152,0
dev_pjyfm,189,0
dev_pkblc,171,1
dev_pkfpa,208,1
dev_pkjks,128,0
dev_pkohv,100,0
dev_plhnu,180,0
dev_pmtnh,211,1
dev_pmtod,180,1
dev_ppzfx,143,0
dev_pqfjd,117,0
dev_pqqsp,128,0
dev_prgao,158,0
dev_prico,123,0
dev_psfii,108,0
dev_aibnd,169,1
dev_aqkov,111,0
dev_azemo,174,0
dev_bjywt,167,1
dev_bqrck,108,0
dev_bxgik,157,0
dev_cmqus,184,0
dev_czseu,152,0
dev_dhcwx,225,0
dev_dpior,136,0
dev_dyzmb,198,1
dev_eksxp,146,0
dev_exnwl,134,0
dev_ffbyh,170,0
dev_fotss,124,0
dev_fxtbc,178,1
dev_ggvbt,116,0
dev_xjrpx,112,0
dev_xjuag,133,0
dev_xkeck,125,0
dev_xkinp,152,0
dev_xkqxt,187,0
dev_xkwbs,143,0
dev_xmkxm,116,0
dev_xmrny,130,0
dev_xmsnm,111,0
dev_xmucq,108,0
dev_xnhlr,186,0
dev_xonnl,190,0
dev_xoppy,150,0
dev_xoqlj,184,0
dev_xpfkw,120,0
dev_xpqaf,178,1
dev_xpqpu,182,0
dev_xprux,128,0
dev_xqhdg,165,1
dev_xqmig,116,0
dev_xrlnb,123,0
dev_xschk,195,1
dev_daard,132,0
dev_dabsq,102,0
dev_dacmo,162,1
dev_dacyi,150,0
dev_darus,155,1
dev_davrq,143,1
dev_dbpsd,126,0
dev_dbvvi,132,0
dev_dcddp,107,0
dev_dceyp,162,0
dev_dcnnv,178,1
dev_dcsna,111,0
dev_dcxtt,124,0
dev_dddib,168,0
dev_ddqgd,151,0
dev_ddzqc,216,1
dev_dehqb,184,0
dev_dejje,122,0
dev_denie,139,0
dev_deolm,229,1
dev_detpy,122,0
dev_dgcju,105,0
dev_dgyvy,138,1
dev_dhboc,188,1
dev_sxjyx,117,0
dev_sxpqx,180,1
dev_sxxte,222,1
dev_sydtq,157,1
dev_syrth,208,1
dev_szocm,133,0
dev_szqke,98,0
dev_tapmm,119,0
dev_tasdj,143,1
dev_tavvl,140,0
dev_tazpq,151,1
dev_tbdxi,110,0
dev_tbmnr,200,0
dev_tchur,126,0
dev_tcihq,124,0
dev_tclcf,186,0
dev_tcqdl,203,1
dev_tdfft,192,1
dev_tdfnr,131,0
dev_tdpzt,118,0
dev_mjxfb,152,0
dev_mkcqf,124,0
dev_mkuxl,188,1
dev_mlcdu,150,0
dev_mllgu,158,0
dev_mmblp,163,1
dev_mmbsk,105,0
dev_mmkwf,152,0
dev_mmuem,147,0
dev_mnufs,138,0
dev_mnymz,185,0
dev_mozcb,167,0
dev_mplcp,114,0
dev_mqfgx,162,0
dev_mqiul,152,1
dev_mqkpb,110,0
dev_mqmcz,154,0
dev_mqsou,184,0
dev_mrkne,112,0
dev_mrkpp,193,1
dev_mrsvf,188,0
dev_mrujz,169,1
dev_msbby,122,0
dev_mseqb,147,0
dev_mtulf,119,0
dev_mulfy,150,0
dev_muopf,110,0
dev_mvufm,124,0
dev_mxasb,119,0
dev_mxgeh,119,0
dev_mxwmn,106,0
dev_myaex,113,0
dev_mycjo,110,0
dev_myeut,190,1
dev_mywdr,168,0
dev_hjgvj,138,0
dev_hjmhe,147,0
dev_hjmwu,180,0
dev_hjqjr,126,0
dev_hjymh,133,0
dev_hkqvj,126,1
dev_hkruy,101,0
dev_hksvd,200,1
dev_hkxln,143,0
dev_hlbil,167,1
dev_hlncr,113,0
dev_hlsqn,115,0
dev_hlyqw,208,1
dev_hmelh,119,0
dev_hmibx,185,1
dev_hmokp,193,1
dev_hmstd,122,0
dev_hmsxw,154,0
dev_hmwdq,178,1
dev_hnyda,178,1
dev_hobom,203,0
dev_hplej,200,0
dev_yobrj,172,0
dev_yowyg,162,0
dev_yozev,105,0
dev_ypsbo,205,1
dev_yqgnl,142,0
dev_yrygo,105,0
dev_ysdfi,180,1
dev_ysfba,103,0
dev_ysvoq,116,0
dev_ysvpd,145,0
dev_yszup,115,0
dev_ytbui,193,0
dev_ytiqr,131,0
dev_ytmcz,121,0
dev_ytmwh,121,0
dev_ytnjp,158,0
dev_ytoah,105,0
dev_ytrqb,105,0
dev_ytzuq,95,0
dev_yubkv,168,1
dev_yubpe,195,1
dev_yuiva,147,0
dev_yuohb,131,0
dev_yuszs,163,0
dev_yvbkn,170,1
dev_yvmdm,168,0
dev_yvokc,101,0
dev_ywxej,176,1
dev_yxobo,160,1
dev_yyaii,127,0
dev_yygkq,190,0
dev_yykgl,176,1
dev_yzlqr,168,0
dev_yzsgv,157,0
dev_reeof,145,1
dev_regfc,107,0
dev_reohx,111,0
dev_rfcai,165,0
dev_rfqlz,113,0
dev_rfrlt,128,0
dev_rgbig,127,0
dev_rggjn,219,1
dev_rgjcu,115,0
dev_rgkto,158,1
dev_rgxsu,138,0
dev_rhldg,174,0
dev_riavt,126,0
dev_rizzv,167,0
dev_rjjie,157,1
dev_rjmtq,139,0
dev_rjvuo,107,0
dev_rkcqi,170,0
dev_rkdws,129,0
dev_rknex,105,0
dev_rlebo,176,0
dev_rlndg,137,0
dev_rlnvw,115,0
dev_rlphf,163,0
dev_rmfdv,150,1
dev_rocsl,110,0
dev_rohxg,178,0
dev_rowgu,125,0
dev_roxaz,152,0
dev_rpuxz,102,0
dev_rqcfv,119,1
dev_rqczc,113,0
dev_vtjnk,168,0
dev_vtlwk,124,0
dev_vtpbx,172,0
dev_vumbx,120,0
dev_vupii,180,1
dev_vuuda,182,1
dev_vuzdf,180,1
dev_vvbmn,162,1
dev_vvewj,122,0
dev_vvhdn,170,1
dev_vvlbk,127,0
dev_vvxbw,180,0
dev_vwgum,142,1
dev_vwide,198,1
dev_vwjgz,152,0
dev_vwxbu,152,0
dev_vxnec,200,1
dev_vykkv,151,0
dev_vykuq,133,0
dev_vyzhy,193,0
dev_vzfej,114,0
dev_vzthg,118,0
dev_vzvyz,137,0
dev_wanzo,208,0
dev_waswn,203,1
dev_wbuvq,193,1
dev_wbyqk,165,1
dev_wcpzs,208,1
dev_wdiaz,178,1
dev_wdote,150,0
dev_wdzjs,117,0
dev_weins,117,0
dev_wetum,126,0
dev_wexkx,137,0
dev_weyls,123,0
dev_wfhgk,150,0
dev_ekvwo,121,0
dev_ekyhl,110,0
dev_ekzai,182,0
dev_elljo,104,0
dev_elpwx,125,1
dev_elrrt,126,0
dev_elupd,168,0
dev_emaay,125,0
dev_emycv,178,1
dev_encux,119,0
dev_enzyb,180,1
dev_eofyv,105,0
dev_epizq,132,0
dev_epqcn,154,0
dev_eqdnm,107,0
dev_eqnfw,151,0
dev_erplt,157,0
dev_esbhd,98,0
dev_esrdw,163,1
dev_etgzh,165,1
dev_etjie,114,0
dev_etldw,144,0
dev_etlid,157,0
dev_eufkw,198,1
dev_eumzx,93,0
dev_euqfq,118,0
dev_euvti,128,0
dev_evijo,136,0
dev_evnax,114,0
dev_ewdpj,205,1
dev_ewicd,158,1
dev_ewmgv,167,0
dev_ewscj,158,0
dev_ewxss,158,0
dev_exjma,200,1
dev_exmwv,160,0
dev_bkhmw,140,0
dev_bkksb,154,0
dev_bkltc,123,0
dev_bknwr,123,0
dev_blorn,152,1
dev_blwdi,124,0
dev_bmdab,142,0
dev_bmdmm,180,0
dev_bnict,102,0
dev_bnoey,184,1
dev_bnpof,154,0
dev_bnpto,142,0
dev_bnqpz,194,0
dev_boafm,128,0
dev_bofpx,130,0
dev_bohka,165,0
dev_bonen,148,1
dev_boqku,150,1
dev_botav,170,1
dev_bpfpg,132,0
dev_bpoqr,110,0
dev_bpsjs,138,0
dev_bptbn,124,0
dev_bpzbb,130,0
dev_nyeja,146,0
dev_nysxn,104,0
dev_nywvh,148,0
dev_nzeve,108,0
dev_nzpie,105,0
dev_oayiq,124,0
dev_obdkd,150,0
dev_obesh,184,0
dev_obhae,195,0
dev_obwtk,162,1
dev_odaow,111,0
dev_odiqr,149,0
dev_odmxs,158,1
dev_odnuf,188,0
dev_odsso,109,0
dev_oeknu,115,0
dev_ofgqe,96,0
dev_oggdm,97,0
dev_ogkzp,178,1
dev_ognkw,171,1
dev_ogxqx,122,0
dev_ohekl,200,1
dev_kzthi,182,0
dev_kzwsr,211,1
dev_lamjx,167,0
dev_laqmg,184,1
dev_lbbry,125,0
dev_lbeuy,103,0
dev_lbhas,193,1
dev_lbmjx,162,1
dev_ldaua,115,0
dev_ldbtb,186,1
dev_ldmdg,119,0
dev_ldueo,131,0
dev_leoax,182,0
dev_lfapn,120,0
dev_lffcc,200,0
dev_lffea,127,0
dev_lfuxs,121,0
dev_lfyik,132,0
dev_lgdqt,200,1
dev_lgjmk,165,0
dev_lgmoc,182,1
dev_lguyc,123,0
dev_lhnxw,203,0
dev_lhopl,147,0
dev_lhqxv,182,0
dev_lhwkk,120,0
dev_liane,193,1
dev_lifrj,178,0
dev_ikadi,178,1
dev_ikcij,116,0
dev_ikiul,151,0
dev_ikmps,134,0
dev_ikrfu,205,1
dev_ilcse,190,1
dev_ilelt,190,0
dev_illhe,136,0
dev_imjwj,105,0
dev_imjza,115,0
dev_impgm,162,1
dev_ineie,163,0
dev_inihl,112,0
dev_inuei,109,0
dev_inxvn,163,0
dev_inymj,193,0
dev_iodmq,109,0
dev_iowen,105,0
dev_ipkro,184,0
dev_iposh,200,1
dev_ipvry,132,0
dev_ipzdy,95,0
dev_iqcku,170,0
dev_iqfjm,117,0
dev_iqpnd,203,1
dev_iqynu,130,0
dev_iraje,122,0
dev_ireqh,108,0
dev_irlvr,147,0
dev_isheg,107,0
dev_isknf,195,1
dev_tzsvf,168,0
dev_tzzuy,174,1
dev_uafbp,211,1
dev_uafhr,176,1
dev_uakbt,172,0
dev_uanlb,135,0
dev_uavun,176,1
dev_uayxk,143,0
dev_ubeqr,142,0
dev_ubiqm,190,0
dev_ucink,178,1
dev_uckrt,155,1
dev_ucnnu,157,0
dev_ucogm,182,0
dev_ucypq,123,0
dev_udhli,115,0
dev_udnoo,184,1
dev_uduvs,174,0
dev_udwyp,174,0
dev_uebwl,105,0
dev_uenhs,119,0
dev_ueont,143,0
dev_ueslx,157,1
dev_uexpu,142,0
dev_ufwpk,152,0
dev_ugmaj,200,1
dev_ugxiy,160,0
dev_uhbmi,188,1
dev_uhrur,108,0
dev_gszau,119,0
dev_gtjtt,119,0
dev_guhpw,198,1
dev_gujdx,134,0
dev_guplh,119,0
dev_gureu,112,0
dev_gvaga,128,0
dev_gvpfz,116,0
dev_gvrpl,147,0
dev_gvrrv,98,0
dev_gwcmq,123,0
dev_gwgxs,133,0
dev_gxems,128,0
dev_gxkfk,204,1
dev_gxuyj,178,1
dev_gxuzs,102,0
dev_gxwca,155,0
dev_gyepf,148,0
dev_gyloq,98,0
dev_gyltb,137,0
dev_gynjh,113,0
dev_gyopi,136,0
dev_gyujn,103,0
dev_gzdgt,106,0
dev_zhehz,162,0
dev_zhnhp,163,1
dev_zhrbz,123,0
dev_zixuw,133,0
dev_zjmcn,175,0
dev_zjrow,103,0
dev_zjuzx,152,0
dev_zlkjp,109,0
dev_zlopw,150,0
dev_zluhy,135,0
dev_zluvh,111,0
dev_zmkvw,102,0
dev_znfes,151,0
dev_zngvq,125,0
dev_znxdt,160,0
dev_zoifq,203,1
dev_zojcs,119,0
dev_zpfra,165,0
dev_zpidb,148,0
dev_zpyjw,120,0
dev_zqobh,139,0
dev_zqqdm,186,0
dev_zqqht,213,1
dev_zqsio,154,0
dev_qmdpk,137,0
dev_qmjpp,157,0
dev_qmvfo,110,0
dev_qmwal,168,0
dev_qnamt,112,0
dev_qnruz,190,1
dev_qnwlc,117,0
dev_qnykx,176,0
dev_qofba,142,0
dev_qofpg,178,0
dev_qoiza,144,0
dev_qomnj,181,1
dev_qozjf,174,0
dev_qpclx,110,0
dev_qpjcc,120,0
dev_qqhwc,158,0
dev_qqjba,122,0
dev_qqkku,121,0
dev_qqyqg,167,0
dev_qrbey,132,0
dev_qrpzn,130,0
dev_qscbn,206,1
dev_qslyg,178,0
dev_qtqyy,211,1
dev_qtzve,158,0
dev_qubig,167,1
dev_qubsx,102,0
dev_qucwb,193,1
dev_qvocw,116,0
dev_qvvbt,114,0
dev_sbmgt,124,0
dev_sbych,148,0
dev_sbzpo,109,0
dev_scrcm,150,0
dev_sdbcx,107,0
dev_sdsqq,176,0
dev_serjc,113,0
dev_sezrv,99,0
dev_sfnpp,167,1
dev_sfrhj,122,0
dev_sgteb,154,0
dev_sgubw,107,0
dev_sheuc,147,0
dev_shnoh,121,0
dev_sixuo,140,0
dev_siyyi,154,1
dev_sjojg,109,0
dev_sjqgs,165,0
dev_sjrib,110,0
dev_skabw,155,0
dev_skbka,105,0
dev_skdts,162,0
dev_skhin,182,0
dev_skidp,160,0
dev_skikz,150,0
dev_slifl,193,1
dev_slmut,176,1
dev_slopm,130,0
dev_slrap,176,1
dev_ffnkd,163,0
dev_ffywf,122,0
dev_fgosz,112,0
dev_fgpqf,122,0
dev_fgvtl,116,0
dev_fhjdh,216,0
dev_fhjmx,136,0
dev_fifqo,182,0
dev_fighf,148,1
dev_fiizb,198,1
dev_fikjx,157,1
dev_filag,163,0
dev_fizdp,178,1
dev_fjxak,150,1
dev_fjywo,117,0
dev_fkzgu,190,0
dev_fldyn,129,0
dev_fljhj,126,0
dev_flviy,136,0
dev_flxav,147,0
dev_fmgza,147,0
dev_fmphp,107,0
dev_fmttx,188,1
dev_fndeh,157,1
dev_fndib,131,0
dev_fndvk,118,0
dev_fnmij,179,0
dev_fokgd,103,0
dev_dpoqh,208,1
dev_dpwex,147,1
dev_dqflc,165,0
dev_dqjgv,162,0
dev_drbve,158,0
dev_drjng,140,0
dev_drspz,106,0
dev_dsejl,219,1
dev_dsxxw,140,1
dev_dsztg,127,0
dev_dtcvl,208,1
dev_dtoxp,145,0
dev_dtxqf,176,1
dev_dugjn,95,0
dev_dulux,211,1
dev_duodz,130,1
dev_duytw,178,0
dev_dvawv,190,0
dev_dveyi,205,1
dev_dviga,111,0
dev_dvoxl,113,0
dev_dwakj,208,1
dev_dwfyx,174,0
dev_dwjcl,216,1
dev_dwpik,124,0
dev_dwqeq,133,0
dev_dxosc,168,1
dev_dxwbg,103,0
dev_dxyqg,142,0
dev_dywyv,128,0
dev_aqski,203,1
dev_aquhr,172,0
dev_arbmx,106,0
dev_asklp,179,1
dev_asmbi,98,0
dev_asoax,119,0
dev_asxjh,108,0
dev_asxmp,155,0
dev_ateta,116,0
dev_atkgk,139,0
dev_atpmz,132,0
dev_atpxy,129,0
dev_aufpv,148,0
dev_aumyy,203,1
dev_auuha,200,1
dev_auwdb,188,0
dev_avyao,151,1
dev_awjro,152,0
dev_awvqv,134,0
dev_awzzj,144,0
dev_axbim,99,0
dev_axcpv,117,0
dev_axhev,182,1
dev_axyaa,150,0
dev_aynag,102,0
dev_ayozb,176,1
dev_aysvk,103,0
dev_ayurd,173,0
dev_nksqy,117,0
dev_nkyui,167,0
dev_nlckz,114,0
dev_nlkpq,198,0
dev_nlmrd,120,0
dev_nlorz,136,0
dev_nlumi,172,0
dev_nlxmc,124,0
dev_nlyuo,205,1
dev_nmahw,139,0
dev_nmhbt,140,0
dev_nmiii,131,0
dev_nmkha,172,0
dev_nmxas,103,0
dev_nnatt,144,0
dev_nnazf,177,0
dev_nndpv,160,0
dev_nnnws,200,1
dev_nofbb,132,0
dev_noxqr,178,1
dev_npfhn,179,0
dev_npten,193,1
dev_npxhh,203,1
dev_nqcil,133,0
dev_nqdsg,168,1
dev_ybdpr,125,0
dev_ybqqa,157,0
dev_yddnp,157,0
dev_ydkhv,123,0
dev_yeezc,168,0
dev_yejnq,163,1
dev_yexug,105,0
dev_yfbfd,124,0
dev_yffjl,100,0
dev_yfgdf,211,0
dev_yfrkt,176,0
dev_yfryq,152,0
dev_yfurq,186,1
dev_yfvkf,160,1
dev_ygfwn,159,0
dev_ygovq,150,0
dev_ygykb,131,0
dev_yhhbj,138,0
dev_yhhqd,190,0
dev_yidrm,138,0
dev_yingx,106,0
dev_kbdur,180,0
dev_kbsnf,176,0
dev_kbunw,140,0
dev_kchsu,203,1
dev_kcmmf,176,0
dev_kdejm,203,1
dev_kdueu,104,0
dev_kduus,158,0
dev_kdvqv,137,0
dev_keasa,154,0
dev_kejdf,99,0
dev_kfcrz,182,0
dev_kffyj,120,0
dev_kfswu,163,0
dev_kgaev,110,0
dev_kgike,172,0
dev_khgco,132,0
dev_khmas,107,0
dev_khqhe,206,1
dev_kiysz,119,0
dev_kkkdz,122,0
dev_kljst,186,0
dev_kljzc,190,1
dev_knjib,167,0
dev_knpri,158,0
dev_bxjou,119,0
dev_bxkat,105,0
dev_byndb,211,0
dev_bzxih,120,0
dev_caziw,165,1
dev_cbvcj,156,0
dev_cbvyk,105,0
dev_ccckx,120,0
dev_cdcrs,121,0
dev_cdjna,116,0
dev_cdlcl,174,1
dev_ceaux,108,0
dev_cfjyl,101,0
dev_cfrda,96,0
dev_cgbuh,184,1
dev_cgnye,111,0
dev_cguhj,122,0
dev_chnvz,168,0
dev_chowl,188,0
dev_chrdn,144,0
dev_cicmn,142,0
dev_cihec,162,0
dev_cimje,130,0
dev_cisre,143,0
dev_cjalg,186,1
dev_cjspe,117,0
dev_cjysx,101,0
dev_cknfi,186,1
dev_clbzu,198,0
dev_clifs,120,0
dev_clvfn,144,0
dev_woryv,219,1
dev_wpgfo,121,0
dev_wqyeg,142,0
dev_wrbip,205,1
dev_wrmow,175,1
dev_wsvqo,168,1
dev_wtpzn,140,1
dev_wuflj,144,0
dev_wurqb,170,0
dev_wuyuf,113,0
dev_wvjvg,111,0
dev_wwcjh,145,0
dev_wwpnl,121,0
dev_wxajy,122,0
dev_wxegc,101,0
dev_wxnus,213,1
dev_wxwso,195,1
dev_wygoy,170,1
dev_wywbg,133,0
dev_wzagu,195,1
dev_wzzqi,147,0
dev_hyqgs,216,1
dev_hzdnq,139,0
dev_hzdxn,99,0
dev_hzxzy,111,0
dev_iadoe,219,1
dev_iafmk,159,0
dev_iaopl,168,0
dev_iauqr,176,1
dev_iaxhf,150,0
dev_ibjvf,138,0
dev_ibkbq,215,1
dev_iblxo,198,1
dev_ibrrr,148,0
dev_ibsib,131,0
dev_icdcu,174,1
dev_icesf,167,1
dev_icghr,184,1
dev_icppl,110,0
dev_idbst,167,0
dev_iduwo,150,0
dev_idwrx,118,0
dev_ieefq,122,0
dev_ieetz,159,1
dev_ltrfn,121,0
dev_ltvii,113,0
dev_luicn,198,1
dev_lujsn,117,0
dev_lujzd,123,0
dev_lutcp,117,0
dev_lvldf,159,0
dev_lvrnw,134,0
dev_lxefd,180,1
dev_lxejq,161,1
dev_lxskp,154,0
dev_lxuhj,105,0
dev_lxuhu,99,0
dev_lxumb,127,0
dev_lxysy,170,1
dev_lycuc,119,0
dev_lywwa,145,0
dev_lzahf,123,0
dev_lzryt,154,0
dev_magjf,184,0
dev_magxl,200,0
dev_maxng,213,1
dev_mazho,195,0
dev_opuei,235,1
dev_opwds,116,0
dev_oqbdm,154,0
dev_oqhtw,129,0
dev_oqyig,216,0
dev_orbsh,105,0
dev_orcia,169,1
dev_orvjk,118,0
dev_osdgd,154,0
dev_osdqj,117,0
dev_osuhc,160,0
dev_osxbv,157,0
dev_otiqp,130,0
dev_otjlz,110,0
dev_otthq,120,0
dev_otygr,157,1
dev_ouulr,115,0
dev_ovhvk,101,0
dev_owavm,180,0
dev_owjvl,137,0
dev_oxsiz,117,0
dev_oxtxz,118,0
dev_oyefs,108,0
dev_oyyjr,186,1
dev_ozlwg,143,0
dev_ozoyr,155,0
dev_vggsu,185,1
dev_vgjco,107,0
dev_vgkjc,167,1
dev_vgoae,208,0
dev_vgqkq,155,0
dev_vgsml,124,0
dev_vgtsy,125,1
dev_vgxjo,184,1
dev_vgzqe,205,1
dev_vhupg,107,0
dev_viaqd,152,0
dev_vigan,135,0
dev_vjkji,205,0
dev_vjygo,132,0
dev_vmlac,104,0
dev_voizx,200,0
dev_vokka,162,0
dev_volem,119,0
dev_votam,118,0
dev_vovyi,190,0
dev_vphxn,117,0
dev_vpoqf,132,0
dev_vpxtj,203,1
dev_vqcpa,162,0
dev_vqhte,150,0
dev_vqtac,167,0
dev_vrcsd,190,1
dev_vrgrt,116,0
dev_vrjvx,111,0
dev_vrmxy,186,1
dev_vrniy,168,0
dev_vrzky,200,1
dev_vsetv,155,1
dev_vsiru,117,0
dev_vstaj,208,1
dev_vtbab,213,1
dev_vtfcy,155,0
dev_pyngm,160,0
dev_pyryo,105,0
dev_pyvve,205,1
dev_pzipp,158,0
dev_pzppl,121,0
dev_pzqyo,126,0
dev_pzwuj,163,1
dev_qazse,200,1
dev_qbimy,165,0
dev_qbwoq,154,0
dev_qbxun,200,1
dev_qcdan,205,1
dev_qcmon,126,0
dev_qcokr,144,0
dev_qcpkg,185,1
dev_qdpen,133,0
dev_qdrrg,186,1
dev_qeaym,152,0
dev_qepqw,154,1
dev_qfsvq,98,0
dev_qfutg,119,0
dev_itggr,200,1
dev_itgst,201,1
dev_itqkr,184,1
dev_iueeg,168,0
dev_iuouf,162,1
dev_iupep,131,0
dev_iuuxu,122,0
dev_ivdiu,104,0
dev_ivwwd,148,0
dev_iwhwj,108,0
dev_iwntu,190,0
dev_iwuhz,113,1
dev_iwvgj,186,0
dev_iwxle,105,0
dev_ixctb,158,1
dev_ixdcy,142,0
dev_iyedv,134,0
dev_iykcp,119,0
dev_izbhm,172,1
dev_izxkr,111,0
dev_izyxy,124,0
dev_jafie,139,0
dev_jajti,150,0
dev_jalou,117,0
dev_javop,183,0
dev_jazud,186,0
dev_jbhdm,124,0
dev_jbljs,193,1
dev_jbnyt,188,1
dev_jbwnj,133,0
dev_jbxht,150,0
dev_jcbjy,108,0
dev_nqpuc,155,0
dev_nycgm,195,0
dev_oiehx,160,0
dev_optwb,113,0
dev_paeis,126,0
dev_phhqc,113,0
dev_psice,203,1
dev_pyfbn,150,0
dev_qfvfz,122,0
dev_qmatu,136,0
dev_qvwxa,188,0
dev_rdxrz,160,0
dev_rqear,108,0
dev_sbdmn,154,0
dev_smlkj,168,1
dev_sxiwt,160,1
dev_tdtdc,120,0
dev_tnghg,195,1
dev_tznnq,180,0
dev_uhwjv,106,0
dev_uprwp,95,0
dev_uziry,107,0
dev_vgfth,213,1
dev_vtjet,134,0
dev_wfluq,109,0
dev_woliu,98,0
dev_xafgx,167,0
dev_xjgny,137,0
dev_xsdfk,145,0
dev_yaslf,112,0
dev_yiqgs,172,1
dev_ynvzc,150,0
dev_yzuzm,195,1
dev_zhbej,137,0
dev_zqtiz,117,0
dev_tngoc,182,1
dev_tnizu,170,0
dev_tnnhp,111,0
dev_tomdo,187,0
dev_tqald,150,0
dev_tqdvs,154,1
dev_tqhzf,186,1
dev_tqyra,163,1
dev_trovi,150,0
dev_ttfgu,110,0
dev_ttmpl,91,0
dev_ttznq,150,0
dev_tuata,144,0
dev_tudgs,216,1
dev_tulem,184,1
dev_tuluv,126,0
dev_tvgrj,101,0
dev_tvhim,182,1
dev_twgdv,105,0
dev_twibz,112,1
dev_twnpz,139,0
dev_twqvp,193,1
dev_twubo,167,1
dev_txlot,154,0
dev_txvmi,114,0
dev_tyfqm,190,0
dev_tyxss,134,0
dev_rqqbx,170,1
dev_rqtvz,174,1
dev_rrhhj,117,0
dev_rrqsh,193,0
dev_rsfga,186,1
dev_rsgqr,145,0
dev_rthdr,114,0
dev_ruamr,150,0
dev_rukmz,125,0
dev_rulpi,213,1
dev_rvgal,135,0
dev_rvqgu,151,0
dev_rvsky,123,0
dev_rvvdr,182,1
dev_rvzby,117,0
dev_rwvqn,136,0
dev_rwvzz,213,1
dev_rxhrx,203,1
dev_rxmjz,151,0
dev_rxuvf,125,0
dev_rydkf,182,1
dev_rylnx,198,0
dev_rysqt,186,1
dev_rzcfh,125,0
dev_rzivs,216,1
dev_rzsww,124,0
dev_rzufi,124,0
dev_sajdm,111,0
dev_sarwl,109,0
dev_satrf,178,1
dev_sazyp,151,0
dev_uiihp,112,0
dev_uiuzl,193,1
dev_ujajs,208,0
dev_ujdxl,140,0
dev_ukhgi,190,1
dev_ukjsk,133,0
dev_uknkl,132,1
dev_ulgcv,123,0
dev_ulroz,130,0
dev_umcnx,225,0
dev_umgpl,193,1
dev_umjhy,180,0
dev_umllk,198,1
dev_umvdc,93,0
dev_unbnj,174,1
dev_unfmo,110,0
dev_ungmo,142,0
dev_uniia,170,0
dev_unotx,200,1
dev_unzak,105,0
dev_uoflv,154,0
dev_uohad,165,0
dev_uopsn,96,0
dev_uosaw,144,0
dev_uouib,171,0
dev_uoxll,152,0
dev_uoxqq,108,0
dev_upevt,184,1
dev_upknx,205,1
dev_wfrun,120,0
dev_wgnio,102,0
dev_wgnyf,190,0
dev_whgsd,154,0
dev_whmgp,129,0
dev_wibfw,188,0
dev_widlc,168,0
dev_wieti,131,0
dev_wiqxl,131,0
dev_wisjt,178,0
dev_wiwhg,123,0
dev_wjayf,136,0
dev_wjfjt,139,0
dev_wjwgh,132,0
dev_wkflv,193,1
dev_wkitu,152,0
dev_wkztl,167,1
dev_wlecn,118,0
dev_wlioy,167,1
dev_wlkiz,154,0
dev_wmbjo,163,0
dev_wmleh,178,0
dev_wmybw,114,0
dev_wmyoo,117,0
dev_wmzti,113,0
dev_wnbhn,189,0
dev_wnjyx,112,0
dev_woihi,158,0
dev_jmnre,123,0
dev_jmpee,188,1
dev_jmxjf,123,0
dev_jnbln,119,0
dev_jnbrx,103,0
dev_jncjn,108,0
dev_jnsag,117,0
dev_jnzen,109,0
dev_joeoi,111,0
dev_jogko,147,0
dev_jqlag,140,0
dev_jqmwb,133,0
dev_jqogu,158,1
dev_jrdnk,98,0
dev_jrqjn,103,0
dev_jrqwv,116,0
dev_jsgne,116,0
dev_jshzl,170,0
dev_jsixg,130,0
dev_jsyeq,208,1
dev_jtfgg,173,0
dev_jtjdp,105,0
dev_jtpsg,107,0
dev_qvyge,200,1
dev_qwdss,138,0
dev_qwffb,113,0
dev_qwron,140,1
dev_qwxix,108,0
dev_qxotj,128,0
dev_qxptm,193,1
dev_qxtbt,176,1
dev_qyagm,190,1
dev_qybob,126,0
dev_qyqba,112,0
dev_qzvjg,195,0
dev_qzyzl,109,0
dev_rabjw,133,0
dev_radcj,178,0
dev_raflt,110,0
dev_ravip,112,0
dev_rbjeh,143,0
dev_rbjhy,118,0
dev_rbqly,131,0
dev_rbtqm,118,0
dev_rbzot,140,0
dev_rcixs,180,1
dev_rcmhk,190,1
dev_rcnkw,137,0
dev_rcqwm,113,0
dev_rcuyw,96,0
dev_rcxaf,102,0
dev_rdanw,150,0
dev_rdtnc,143,1
dev_rdvho,155,0
dev_rdvkk,119,0
dev_rdwlo,138,0
dev_dzaki,109,0
dev_dzgwg,157,1
dev_dzhvx,121,0
dev_dzmea,119,0
dev_dznar,208,0
dev_dzzqw,168,1
dev_eaugz,208,1
dev_ebfih,203,1
dev_ebwdb,108,0
dev_ecgva,147,0
dev_ecnhx,184,1
dev_ecnrc,131,0
dev_ecwxd,203,1
dev_edjuc,155,0
dev_edtpj,96,0
dev_eefxm,117,0
dev_eenbk,190,1
dev_efeou,113,0
dev_effgo,172,0
dev_efvza,151,1
dev_efzda,145,0
dev_egqfm,114,0
dev_ehdxd,198,1
dev_ehgps,107,0
dev_ehjio,188,0
dev_ehsdj,186,0
dev_ehwgx,176,0
dev_ehxlg,127,0
dev_eiqsv,172,0
dev_ejfct,126,0
dev_ejfwv,125,0
dev_cmslg,121,0
dev_cmuzf,172,1
dev_cookq,154,0
dev_coqgj,145,0
dev_cpedm,94,0
dev_cprzb,168,0
dev_cpwiz,132,0
dev_cqcxz,167,0
dev_cqfns,116,0
dev_cqtmx,143,1
dev_cqvrw,178,1
dev_csfap,137,0
dev_csntf,132,0
dev_cstqu,198,1
dev_ctijh,155,0
dev_cusuq,154,0
dev_cvvng,138,1
dev_cwyyh,107,0
dev_cxaog,181,1
dev_cxbpz,117,0
dev_cxbvo,147,0
dev_cxops,132,0
dev_cykpw,113,0
dev_cyxas,119,0
dev_ghjic,113,0
dev_ghkil,160,0
dev_ghoes,182,0
dev_gicvr,137,0
dev_gilzu,198,0
dev_gjwqm,139,0
dev_gkebc,190,0
dev_gkpka,147,0
dev_glcmz,175,1
dev_glrjg,129,0
dev_gltnb,154,1
dev_glyfk,150,1
dev_gmgus,116,0
dev_gmred,203,1
dev_gmyfb,172,0
dev_gnhwy,111,0
dev_gnncs,140,0
dev_gnvjm,144,0
dev_goemc,101,0
dev_gohxc,168,0
dev_gotwt,139,1
dev_goxtk,112,0
dev_gpbcj,139,0
dev_gpewm,163,0
dev_gpoia,120,0
dev_gqgyx,104,0
dev_gqtjs,158,0
dev_grhok,128,0
dev_gricc,147,0
dev_grjqu,184,1
dev_grwrr,150,0
dev_grxqc,127,0
dev_gryfa,208,1
dev_gsdtf,130,0
dev_gsqcm,106,0
dev_gstaf,111,0
dev_naeyl,111,0
dev_nbhom,144,0
dev_nbiqx,165,0
dev_nbjbx,121,0
dev_nbmnc,113,0
dev_nbqct,188,1
dev_nbwdp,209,0
dev_nbzuz,168,1
dev_ncaqa,184,0
dev_ncgfo,113,0
dev_ncipv,203,0
dev_nckcc,154,0
dev_ncoos,132,0
dev_ncviq,140,0
dev_ncywt,125,0
dev_ndddh,122,0
dev_ndhny,195,1
dev_ndurf,129,0
dev_nebbl,118,0
dev_nehxq,115,0
dev_neljk,131,0
dev_nemto,157,0
dev_neyxn,151,0
dev_nfanw,198,1
dev_nfbvq,188,1
dev_nfgsu,132,0
dev_nghzj,186,1
dev_nhnzr,111,0
dev_nhtib,157,0
dev_nhyme,160,0
dev_nijyz,192,0
dev_njkid,112,0
dev_njwgl,122,0
dev_nkhus,190,0
dev_ajbav,188,1
dev_ajikn,163,0
dev_akgpj,118,0
dev_akpyz,125,0
dev_akusn,139,0
dev_akyvw,219,1
dev_alpba,123,0
dev_alxhp,152,0
dev_amcwx,163,0
dev_ammss,162,0
dev_amqof,139,0
dev_amxeo,98,0
dev_anaoe,172,0
dev_angcb,114,1
dev_anidm,186,0
dev_anvfk,155,0
dev_aoeuy,157,0
dev_aoifk,195,1
dev_aoiiw,108,0
dev_aoysw,203,1
dev_apmpi,150,0
dev_apygp,153,0
dev_apzcw,222,1
dev_gzgqo,169,0
dev_gzihn,176,1
dev_hacza,198,1
dev_hamrk,216,1
dev_hautn,176,0
dev_hazev,165,0
dev_hbgna,206,1
dev_hblou,98,0
dev_hbmbh,154,0
dev_hbnbl,153,0
dev_hbxbu,203,1
dev_hcbun,126,0
dev_hcege,131,0
dev_hckwt,144,0
dev_hcsoh,112,0
dev_hcwls,114,0
dev_hdbfx,103,0
dev_hdkdp,151,0
dev_heqvy,189,0
dev_heqyg,172,0
dev_heusf,103,0
dev_hffcr,152,0
dev_hfhgz,165,0
dev_hflum,112,0
dev_hfssj,119,0
dev_hfwse,120,0
dev_hgvet,178,1
dev_hhdyt,203,0
dev_hhxxw,111,0
dev_higud,128,0
dev_hikjy,178,1
dev_hivqa,167,0
dev_zajzg,110,0
dev_zarln,156,0
dev_zayku,124,0
dev_zbfto,138,0
dev_zbrbz,160,1
dev_zcadd,142,1
dev_zcgzv,164,0
dev_zcmvv,123,0
dev_zcqod,150,0
dev_zcrna,186,0
dev_zcwda,125,0
dev_zdbbk,148,1
dev_zdlhj,110,0
dev_zeaxw,200,1
dev_zefmi,122,0
dev_zejui,190,1
dev_zemyx,129,0
dev_zeyqb,121,0
dev_zfjvv,152,1
dev_zflpr,213,1
dev_zfmhs,203,1
dev_zfomi,176,1
dev_zfqbo,174,1
dev_zfykm,158,1
dev_zgcen,188,1
dev_zgepg,116,0
dev_smpoh,119,0
dev_smtnf,107,0
dev_snerl,139,0
dev_snpqc,141,0
dev_sofhr,139,0
dev_sopiy,124,0
dev_spvbw,123,0
dev_spvni,188,0
dev_sqeyu,150,0
dev_sqgll,170,0
dev_srart,177,1
dev_srruh,133,0
dev_srusi,172,1
dev_ssxkb,112,0
dev_ssxxv,138,0
dev_sszuw,154,0
dev_stbpj,162,0
dev_strel,222,0
dev_sudfq,162,1
dev_suwll,203,1
dev_suxny,117,0
dev_sveeg,138,0
dev_svsov,170,1
dev_swoil,155,0
dev_swrhy,182,1
dev_swrql,172,0
dev_swtbz,182,1
dev_kopdi,190,1
dev_korwx,160,0
dev_kozgw,203,1
dev_kpgak,137,0
dev_kpjmv,172,1
dev_kplrl,195,1
dev_kpyez,157,0
dev_kqrtw,167,0
dev_krayg,117,0
dev_kshjn,154,0
dev_ksvmt,107,0
dev_ktbcw,167,1
dev_kthsa,110,0
dev_ktrme,170,0
dev_kuupz,163,1
dev_kvyer,195,0
dev_kwbzu,122,0
dev_kwdie,142,0
dev_kwzde,170,0
dev_kxbru,203,0
dev_kxkaf,174,1
dev_kxwbe,110,0
dev_kxyqf,168,1
dev_kyixa,121,0
dev_kzjzr,168,1
dev_kzlpw,121,0
dev_azill,107,0
dev_azzpr,193,0
dev_balan,172,1
dev_baztc,118,0
dev_bbicy,113,1
dev_bbnys,193,1
dev_bbqde,121,0
dev_bbxjm,170,1
dev_bcqii,146,0
dev_bedfi,117,0
dev_bfaws,110,0
dev_bfeje,149,0
dev_bftow,178,0
dev_bgpai,110,0
dev_bhewz,128,0
dev_bhfsl,132,0
dev_bhktp,203,1
dev_bilvp,123,0
dev_birqo,134,0
dev_biwsz,119,0
dev_bjazn,129,0
dev_bjmyo,150,0
dev_bjrnm,172,1
dev_bjvvd,184,0
dev_ljxvr,142,0
dev_lkbmx,113,0
dev_lkkiv,152,0
dev_lkxrw,162,0
dev_llgzb,208,0
dev_lmvkn,190,1
dev_lndsv,205,0
dev_lnmys,157,1
dev_lnrwn,188,1
dev_lnwjg,176,1
dev_lobug,184,1
dev_lonic,126,0
dev_looax,188,0
dev_lpnns,157,1
dev_lpnwx,167,1
dev_lpqsl,143,0
dev_lpskj,144,0
dev_lpukx,151,1
dev_lqcho,139,0
dev_lqefr,213,0
dev_lqqip,168,0
dev_lqvxw,162,0
dev_lrduj,121,0
dev_lswca,160,0
dev_zqvkd,168,0
dev_zrjmp,137,0
dev_zrkzd,204,0
dev_zsaaq,143,0
dev_zsczc,113,0
dev_zsnwc,219,1
dev_zsvip,128,0
dev_ztvte,151,0
dev_ztwhb,190,1
dev_zujsb,133,0
dev_zveln,158,1
dev_zvpil,112,0
dev_zwcyn,165,0
dev_zwknw,126,0
dev_zwthe,126,0
dev_zwzgc,129,0
dev_zxcnm,162,0
dev_zxdwa,121,1
dev_zxiyc,200,1
dev_zxkfu,118,0
dev_zxmrx,198,0
dev_zxpet,177,0
dev_zxynd,125,0
dev_zysmg,138,0
dev_zzaqd,193,0
dev_zzdsc,110,0
dev_zzpjc,111,0
dev_fpztr,113,0
dev_fqcfk,137,0
dev_fraeh,132,0
dev_frhju,139,0
dev_frmvh,200,0
dev_frnrz,187,1
dev_fsioc,127,0
dev_fsmcq,198,0
dev_ftcad,174,1
dev_furvb,203,0
dev_futxu,140,0
dev_fvpuy,113,0
dev_fvuqm,124,0
dev_fvvna,92,0
dev_fvxdn,122,0
dev_fvxpe,168,1
dev_fwcve,151,0
dev_fwcwf,190,1
dev_fwjwy,98,0
dev_fwomm,151,1
dev_fwwpi,134,0
dev_fxart,167,1
dev_fxdue,119,0
dev_fxiai,133,0
dev_fxouu,145,0
dev_fxpzu,119,0
dev_pagtr,131,0
dev_pajwg,130,0
dev_patrc,123,0
dev_pbbey,127,0
dev_pbbol,174,1
dev_pbmgk,109,0
dev_pbnhk,102,0
dev_pckqq,173,1
dev_pclqa,103,0
dev_pcnqc,123,0
dev_pcohg,159,0
dev_pcvvs,139,0
dev_pdnlo,203,0
dev_peesv,129,0
dev_pekgr,174,0
dev_pfntk,112,0
dev_pfuky,130,0
dev_pghkl,188,1
dev_pgsfx,168,0
dev_pgufl,200,1
dev_phaon,119,0
dev_phbpv,208,0
dev_phfwx,149,0
dev_exuhz,143,0
dev_eybls,103,0
dev_eyhyf,120,0
dev_eysdz,200,0
dev_ezafq,193,1
dev_ezelk,97,0
dev_ezukt,182,0
dev_faddn,143,0
dev_fasse,107,0
dev_fbsut,168,0
dev_fbxoe,151,1
dev_fbxtj,134,0
dev_fcaqa,170,0
dev_fcboc,123,1
dev_fcicg,131,0
dev_fdizj,166,1
dev_fdmzz,100,0
dev_fdynn,114,0
dev_feqsg,126,0
dev_fewgr,116,0
dev_dhotx,123,0
dev_dhuzm,176,1
dev_djdho,144,0
dev_dkeme,147,1
dev_dkoha,104,0
dev_dkwvv,99,0
dev_dkxvg,170,1
dev_dllys,188,1
dev_dlqpg,189,0
dev_dlscd,113,0
dev_dmdle,165,1
dev_dmmyb,145,0
dev_dmvdr,121,0
dev_dneuc,113,0
dev_dnmnw,102,0
dev_dnofe,122,0
dev_doidq,114,0
dev_dopcx,189,0
dev_dotoa,101,0
dev_doykq,143,0
dev_xsdrl,178,0
dev_xsnqi,147,1
dev_xsyzl,95,0
dev_xtlwh,160,1
dev_xtmhe,152,0
dev_xtuxv,119,0
dev_xulcc,137,0
dev_xunsv,109,0
dev_xurox,122,0
dev_xvpmu,157,0
dev_xvtfy,203,1
dev_xvwbn,190,0
dev_xvxdk,162,0
dev_xwaex,157,0
dev_xwtzy,145,1
dev_xxefa,112,0
dev_xxitu,216,0
dev_xxmyp,106,0
dev_xycfc,122,0
dev_xyzlo,127,0
dev_xzfjs,105,0
dev_xzhnc,188,1
dev_xzvnt,134,0
dev_nqvnk,115,0
dev_nrxng,105,0
dev_nsjkx,109,0
dev_nspze,188,1
dev_nsysq,182,0
dev_ntgnn,167,1
dev_ntiaz,124,0
dev_ntikt,162,1
dev_nttqj,120,0
dev_ntttm,140,0
dev_nuflk,110,0
dev_numjt,193,1
dev_nvcxr,132,0
dev_nvgev,129,0
dev_nviox,174,0
dev_nwfid,158,0
dev_nwhfx,100,0
dev_nworr,108,0
dev_nwqak,127,0
dev_nwqxf,200,1
dev_nxgqs,113,0
dev_nxurg,126,0
dev_nxxtv,124,0
dev_uzmkj,115,0
dev_uzvwm,137,0
dev_vakcs,160,1
dev_vamet,108,0
dev_vapgl,181,0
dev_vauhj,103,0
dev_vbbcj,160,1
dev_vchjf,117,0
dev_vcise,174,0
dev_vcpit,160,1
dev_vdccq,171,1
dev_vddlb,169,1
dev_vdoiv,123,0
dev_vecfl,155,0
dev_vefkn,203,1
dev_veiwz,123,0
dev_veugy,167,0
dev_vfcpc,132,1
dev_vfgsk,150,0
dev_bqrji,115,0
dev_braay,101,0
dev_brbyr,124,0
dev_brlby,162,1
dev_bsafl,104,0
dev_bsbmk,124,0
dev_bsccf,193,0
dev_bsgwe,132,0
dev_bsjhc,115,0
dev_bsuci,168,0
dev_bsylm,119,0
dev_btgec,168,1
dev_btsxj,137,0
dev_btvqz,125,0
dev_bufvp,155,1
dev_buhhe,118,0
dev_buovm,152,0
dev_bvcfq,101,0
dev_bvjvu,131,0
dev_bvrcy,151,0
dev_bwymn,124,0
dev_oifwj,133,0
dev_oilve,195,1
dev_oitqx,113,0
dev_oizce,120,0
dev_ojarq,117,0
dev_ojsfp,108,0
dev_okbxr,132,0
dev_okobc,160,1
dev_okuwp,139,0
dev_olaiq,200,1
dev_olbon,211,0
dev_omhzh,119,0
dev_oncbm,150,0
dev_onfga,101,0
dev_onscw,136,0
dev_onvqz,154,0
dev_ooaim,118,0
dev_oorzw,115,0
dev_opopj,116,0
dev_oporp,205,1
dev_opqxp,148,0
dev_opreb,99,0
dev_jucft,148,0
dev_jumts,186,0
dev_jvgyh,250,0
dev_jvlkq,130,0
dev_jvqhc,130,0
dev_jvyjy,186,1
dev_jxefp,165,0
dev_jxjls,111,0
dev_jxmwd,119,0
dev_jxrbx,113,0
dev_jxwzz,170,1
dev_jyayf,121,0
dev_jyjrd,172,0
dev_jyoio,125,0
dev_jzmyz,108,0
dev_jzpvz,149,0
dev_jzrlc,160,1
dev_jzutl,108,0
dev_kagxx,124,0
dev_kalja,137,1
dev_mcxqn,113,0
dev_mdbhs,116,0
dev_mdnrv,113,0
dev_mdoyq,119,0
dev_mdqkg,116,0
dev_mdxpb,155,0
dev_mefld,148,0
dev_mehuw,139,0
dev_memrt,229,1
dev_mfcny,195,1
dev_mfkhl,103,0
dev_mfods,141,0
dev_mfwea,110,0
dev_mfwqr,213,1
dev_mggys,203,1
dev_mgpkl,208,1
dev_mhooq,138,0
dev_mhqeh,155,1
dev_midxp,144,0
dev_mihtz,198,0
dev_hqxng,219,1
dev_hrhxw,113,0
dev_hrocf,176,0
dev_hsjiz,130,0
dev_hslru,103,0
dev_hsnkz,119,0
dev_htbrg,192,1
dev_htpxw,157,1
dev_htsog,150,0
dev_htvgs,125,0
dev_husun,119,0
dev_huvzr,155,0
dev_huxfk,124,0
dev_hvbja,165,0
dev_hvcby,188,1
dev_hwgnw,134,0
dev_hwtgk,184,1
dev_hxcyt,118,0
dev_hyhci,145,0
dev_hyisq,168,0
dev_iehkd,235,0
dev_ieqfa,222,1
dev_ievrt,128,0
dev_ieyta,150,1
dev_ifdjj,160,0
dev_ifdmb,121,0
dev_ifisa,189,1
dev_ifqcx,183,0
dev_ifsth,135,0
dev_igfnj,129,0
dev_igrfk,110,0
dev_iguck,162,1
dev_igvcq,126,0
dev_igxna,160,1
dev_ihatx,193,1
dev_iicvt,174,0
dev_iijdx,111,0
dev_iiofu,134,0
dev_iiowu,169,0
dev_ijbzx,162,1
dev_ijisc,186,1
dev_ijlav,127,0
dev_ijrgg,137,0
dev_gzfku,167,0
dev_hiwcc,190,1
dev_hqdmw,130,0
dev_hyjfx,213,0
dev_iehdr,143,0
dev_ijuvv,124,1
dev_isyqc,139,1
dev_jccow,126,0
dev_jmmcw,112,0
dev_jtuse,178,1
dev_kavhv,126,0
dev_kojiu,168,0
dev_kzoiq,108,0
dev_ljbyn,216,1
dev_ltjnf,189,1
dev_mbwwl,184,0
dev_mjebh,216,0
dev_mzkhd,113,0
dev_pslso,185,1
dev_psqcz,104,0
dev_pthei,132,1
dev_ptkir,178,0
dev_ptqqu,198,0
dev_puhed,173,0
dev_puurb,195,1
dev_pvhyn,193,1
dev_pvlau,126,0
dev_pvsyo,117,0
dev_pwacf,222,0
dev_pwfnx,137,0
dev_pwfwj,211,1
dev_pwimv,184,0
dev_pwoim,189,0
dev_pwuie,205,1
dev_pxkca,165,0
dev_pxkmy,97,0
dev_pxoym,118,0
dev_pxwbx,167,1
dev_xagsz,105,0
dev_xasuk,142,1
dev_xawov,145,0
dev_xbgep,157,0
dev_xbhde,162,0
dev_xblzi,219,1
dev_xcahh,182,0
dev_xcfal,165,0
dev_xdtce,211,1
dev_xeoxt,127,0
dev_xerpl,216,1
dev_xgass,142,0
dev_xgbdq,95,0
dev_xgdat,122,0
dev_xgkzr,162,0
dev_xgtxi,211,1
dev_xgznr,188,1
dev_xitfi,147,1
dev_qfwky,174,1
dev_qgjeq,145,0
dev_qgrho,181,0
dev_qgzpa,130,0
dev_qhcct,170,0
dev_qiwjm,110,0
dev_qjpkt,120,0
dev_qjsiv,182,1
dev_qjtqb,155,0
dev_qjtvg,122,0
dev_qkjbd,167,1
dev_qkone,145,0
dev_qkrli,205,1
dev_qkrye,158,0
dev_qkwbo,176,1
dev_qkxxp,122,0
dev_qlijl,180,0
dev_qlmjv,190,1
dev_qlqea,114,0
dev_teksa,176,1
dev_tetzv,168,1
dev_tevfi,142,0
dev_tfffj,103,0
dev_tfudd,105,0
dev_tgrzk,172,1
dev_tgsqb,96,0
dev_tgvot,200,1
dev_thcys,129,0
dev_thnej,208,1
dev_tjcsa,203,0
dev_tjhbu,107,0
dev_tjnmx,119,0
dev_tjvvd,95,0
dev_tjyye,211,1
dev_tkits,216,0
dev_tkjwf,160,0
dev_tllfd,116,0
dev_tlwsh,157,0
dev_tnfzi,195,1
dev_yiray,195,1
dev_yjjry,112,0
dev_yjjwu,120,0
dev_yjmvu,99,0
dev_yjnqt,188,0
dev_yjwui,216,1
dev_yjxqc,181,0
dev_ykcjc,150,0
dev_ykwgj,147,0
dev_ykxqv,198,1
dev_ylqwf,140,1
dev_ylufy,127,0
dev_ylzrk,106,0
dev_ymdtd,147,0
dev_ymefk,163,1
dev_ymlyw,124,0
dev_ymodn,222,0
dev_ymqbh,119,0
dev_ymugx,134,0
eval_gprmf,130,0
eval_mxabb,198,1
eval_trcjd,109,0
eval_aadql,200,1
eval_aajcj,142,1
eval_aaluz,167,0
eval_aamcv,158,0
eval_aazxb,195,1
eval_abhyo,118,0
eval_abigw,152,0
eval_abntt,208,1
eval_abrti,160,0
eval_abusd,145,0
eval_acfwe,140,0
eval_acjch,113,0
eval_acrkc,184,0
eval_acsmc,130,0
eval_acueo,188,1
eval_adcja,167,0
eval_adjcv,160,1
eval_adlhg,109,0
eval_admmh,176,1
eval_adnxg,203,0
eval_aebah,129,0
eval_aegsf,138,1
eval_lviin,208,1
eval_lvlot,145,1
eval_lvryp,184,1
eval_lvuwh,174,0
eval_lvymr,118,0
eval_lwauq,178,0
eval_lwbhd,158,0
eval_lwblq,145,0
eval_lwbro,208,1
eval_lwefq,203,1
eval_lwhlz,186,1
eval_lwigj,118,1
eval_lwtdr,132,0
eval_lxabo,117,0
eval_lxgzq,146,0
eval_lxkhq,144,0
eval_lxuup,136,0
eval_lyckf,205,1
eval_lyrtv,200,1
eval_lyzvt,136,0
eval_lyzyj,158,0
eval_lzclp,188,0
eval_lzjmg,104,0
eval_lzkjk,118,0
eval_sjkyt,182,1
eval_sjmku,123,0
eval_sjvwz,182,0
eval_skdji,194,1
eval_skebt,106,0
eval_skegu,108,0
eval_skhhy,186,0
eval_skjoo,109,0
eval_skmif,103,0
eval_sksfu,163,0
eval_skuur,184,0
eval_skwad,205,1
eval_slcnv,105,0
eval_slema,105,0
eval_slfom,178,0
eval_slgqw,125,0
eval_sliuq,132,0
eval_slnfe,195,1
eval_smdyo,142,0
eval_smexf,200,0
eval_smlss,186,1
eval_smobz,180,0
eval_gxjrn,172,0
eval_gxkbx,136,0
eval_gxmhi,128,0
eval_gxqsn,131,0
eval_gxsnp,203,1
eval_gxzyi,200,0
eval_gybkl,140,0
eval_gydkm,150,0
eval_gyjly,188,1
eval_gykgs,115,0
eval_gyqex,180,1
eval_gywqx,168,0
eval_gywyo,180,1
eval_gzpkn,200,1
eval_gzzse,176,1
eval_haaoq,112,0
eval_halwg,133,0
eval_hbewe,148,0
eval_hbkoc,195,0
eval_hcfzc,110,0
eval_emhpu,188,1
eval_emjbu,193,1
eval_emmrh,113,0
eval_enfcp,150,0
eval_enicw,107,0
eval_enook,133,0
eval_ensob,167,1
eval_ensyw,193,0
eval_eoaae,185,0
eval_eogke,205,1
eval_eorkb,110,0
eval_eouya,129,0
eval_eovuj,150,0
eval_ephfs,157,0
eval_epnzx,128,0
eval_epymo,178,1
eval_eqlly,163,0
eval_eqxpw,110,0
eval_eqzny,124,0
eval_erafb,95,0
eval_ercwk,167,0
eval_ereld,151,0
eval_erqcu,190,0
eval_esbcw,147,0
eval_aesaf,123,0
eval_aklcf,182,0
eval_aucml,115,0
eval_bbtfm,112,0
eval_bmmdx,151,1
eval_bvrol,134,0
eval_cfarq,136,0
eval_cmyan,144,0
eval_csjez,126,0
eval_dajxl,116,0
eval_dejra,105,0
eval_dlqqi,114,0
eval_drhhn,154,1
eval_dxbbz,160,0
eval_efpmd,145,0
eval_emeok,113,0
eval_esbrf,165,0
eval_eyrxe,180,1
eval_ffaau,157,1
eval_fkgvf,129,0
eval_fotnw,203,0
eval_fuzmz,131,0
eval_gcoeh,117,0
eval_ghjhj,136,0
eval_gmmxs,188,1
eval_wfbcb,170,0
eval_wfbym,103,0
eval_wfeoa,129,1
eval_wfiph,213,1
eval_wfmsa,200,1
eval_wfwji,180,0
eval_wfzav,129,0
eval_wgevj,203,1
eval_wgnrp,118,0
eval_wgutb,134,0
eval_whegg,170,1
eval_whemr,138,0
eval_whold,129,0
eval_whuqp,195,0
eval_wigxq,198,1
eval_wispp,124,0
eval_wiusy,200,1
eval_wjlei,121,0
eval_wjofq,200,0
eval_wjspx,167,1
eval_wjvob,140,0
eval_wkajg,142,0
eval_wlcpo,198,1
eval_wleao,143,0
eval_wlrtf,213,1
eval_wmaxm,195,1
eval_wmcka,111,0
eval_wmfdn,170,1
eval_wmkqc,125,0
eval_ppunc,117,0
eval_ppymk,164,0
eval_pqafg,134,0
eval_pqduh,150,1
eval_pqico,133,0
eval_pqqpa,139,0
eval_pqwaa,104,0
eval_prfmo,113,0
eval_priwq,130,0
eval_prixc,182,1
eval_pruit,203,1
eval_psacn,161,0
eval_psahr,119,0
eval_ptcig,131,0
eval_ptvbt,115,0
eval_pufbv,118,0
eval_pvafe,112,0
eval_pvipy,127,0
eval_pvqkm,142,1
eval_pvsob,132,0
eval_pvtpu,99,0
eval_pvxbv,167,0
eval_pwtux,106,0
eval_pwwpf,126,0
eval_pwxkj,186,1
eval_pxfps,132,0
eval_pxrsf,165,1
eval_pxsdj,125,0
eval_iwhgd,200,0
eval_iwhul,119,0
eval_iwjcg,150,0
eval_iwons,117,0
eval_ixuzt,190,1
eval_ixvhp,162,0
eval_ixysk,162,1
eval_iyary,229,1
eval_iyhiy,136,0
eval_iyklo,174,1
eval_iypqt,104,0
eval_iyvsl,119,0
eval_izpoh,132,0
eval_iztdq,143,0
eval_izvnc,165,0
eval_izxfo,108,0
eval_jakyk,121,0
eval_jatfv,123,0
eval_jbnal,128,0
eval_jcbnp,118,0
eval_jcisy,188,1
eval_jcque,186,0
eval_jcrni,171,0
eval_cfmuh,154,1
eval_cgbit,206,1
eval_cgsxo,121,0
eval_cgtsn,200,1
eval_cgyey,134,0
eval_chchf,168,0
eval_chjnd,168,0
eval_chjyz,138,0
eval_chumv,196,0
eval_chvdl,143,0
eval_ciauf,130,0
eval_cilzx,152,0
eval_cjbia,151,0
eval_cjial,170,1
eval_cjkoo,114,0
eval_cjmsn,165,1
eval_cjnyx,140,0
eval_cjwza,203,1
eval_cjxlu,167,1
eval_cjzny,100,0
eval_ckbah,134,0
eval_ckblw,171,0
eval_ckhug,129,0
eval_ckjjv,118,0
eval_ckxzf,198,0
eval_ckzkn,190,0
eval_ckzsl,146,0
eval_clfvk,110,1
eval_cljql,136,0
eval_clveb,144,0
eval_clwpn,130,0
eval_cmnvf,133,0
eval_udnue,184,0
eval_udphg,162,0
eval_udxjv,144,0
eval_uekqr,152,0
eval_ueohr,110,0
eval_uetrb,128,0
eval_uezdh,101,0
eval_ufmdo,132,0
eval_ufsbu,147,1
eval_ufybr,184,1
eval_ugeje,182,0
eval_ugjkj,125,0
eval_ugjpj,192,0
eval_ugvgf,163,0
eval_uhagk,174,0
eval_uhboc,174,1
eval_uhbwp,188,1
eval_uhcmw,158,0
eval_uhect,165,0
eval_uhovd,105,0
eval_uhyid,162,0
eval_uidav,205,1
eval_uikxt,193,1
eval_ujetr,108,0
eval_fkpts,154,1
eval_fksjg,103,0
eval_fktpk,110,0
eval_fkvps,117,0
eval_fldsg,127,0
eval_flhwx,144,0
eval_flozi,136,0
eval_flplu,123,0
eval_flppc,139,0
eval_fluea,124,0
eval_flvpc,190,1
eval_flylz,147,0
eval_fmcvp,200,0
eval_fmdic,145,0
eval_fmgup,173,0
eval_fngmn,155,1
eval_fnicu,151,1
eval_fnsam,180,1
eval_fnwzn,126,0
eval_foacb,221,1
eval_focnp,145,0
eval_fojfs,104,0
eval_folid,120,0
eval_foqjm,208,1
eval_yhlin,129,0
eval_yhmno,125,0
eval_yhxso,105,0
eval_yhyep,155,0
eval_yiazw,137,0
eval_yisja,115,0
eval_yiuqo,102,0
eval_yivwm,186,1
eval_yjeod,111,0
eval_yjhxd,176,1
eval_ykrgx,178,1
eval_ylcst,158,0
eval_yleeh,163,0
eval_ylgte,157,0
eval_ylmsd,170,0
eval_ymcdp,148,0
eval_ymqhi,162,0
eval_ymurh,136,0
eval_ymvgp,193,1
eval_ymygk,137,0
eval_ymzdx,145,0
eval_ynydz,167,0
eval_yoasw,209,1
eval_yoauw,199,0
eval_yombx,121,0
eval_youdu,144,0
eval_yoxoz,133,0
eval_yoxxz,122,0
eval_ypgfq,113,0
eval_nustg,170,1
eval_nuwlg,193,1
eval_nvahk,133,0
eval_nvbzi,155,0
eval_nvfbp,114,0
eval_nvihu,155,0
eval_nvktp,118,0
eval_nvojy,167,1
eval_nvplg,168,1
eval_nvrme,168,0
eval_nvubt,130,0
eval_nvuic,147,0
eval_nvupq,111,0
eval_nvzzi,208,1
eval_nwaul,119,1
eval_nwecu,123,0
eval_nwhzh,222,1
eval_nwtfn,203,1
eval_nxdfq,203,1
eval_nxiqc,126,0
eval_nxtkm,190,1
eval_nydtb,198,1
eval_nyhyf,131,0
eval_nylwv,193,1
eval_nzalf,179,1
eval_nzfzq,130,0
eval_nzhig,190,0
eval_nzuon,145,1
eval_khsdp,162,0
eval_khsfd,113,0
eval_khttb,114,0
eval_khvpf,111,0
eval_khyyd,113,0
eval_kieaa,195,1
eval_kimat,162,0
eval_kjffr,172,0
eval_kjhkn,162,0
eval_kjljr,122,0
eval_kjwyd,186,0
eval_kkbdv,183,0
eval_kkcgt,174,1
eval_kkcqb,193,0
eval_kkjhd,131,0
eval_kknte,195,1
eval_kkzgf,136,0
eval_kkzsl,157,0
eval_klhor,155,0
eval_kmctn,178,1
eval_kmjtv,172,0
eval_kmqss,122,0
eval_kncsu,178,0
eval_knczl,150,0
eval_kndbz,125,0
eval_kneek,128,0
eval_knpyy,138,0
eval_knubo,180,1
eval_knwxy,167,0
eval_kobmc,104,0
eval_kobyv,140,0
eval_kogbo,150,1
eval_qwoxw,139,1
eval_qwpol,216,1
eval_qxavu,170,0
eval_qxcqj,154,0
eval_qxlua,195,1
eval_qxrvr,162,1
eval_qxsbn,176,1
eval_qxtbw,136,0
eval_qyjft,162,0
eval_qylca,213,1
eval_qylfm,162,0
eval_qyowb,105,0
eval_qywma,119,0
eval_qyztf,150,1
eval_qzagc,209,1
eval_qzhym,186,1
eval_qzitg,182,0
eval_qzqru,138,0
eval_qzxja,172,0
eval_raifm,195,1
eval_rajmx,136,0
eval_rakad,145,0
eval_ranlm,178,1
eval_ranmw,195,1
eval_dlska,134,0
eval_dmall,208,1
eval_dmdds,113,0
eval_dmegd,123,0
eval_dmeqr,176,1
eval_dmhen,120,0
eval_dmiyz,213,1
eval_dmuaj,137,0
eval_dmzkc,186,0
eval_dnalp,104,0
eval_dnhzj,130,0
eval_dnjhh,184,1
eval_dnklj,121,0
eval_dnwet,133,0
eval_doanz,143,0
eval_dohdw,107,0
eval_dohfz,136,0
eval_doiaj,180,1
eval_dokgy,184,0
eval_dolgx,180,1
eval_donqr,126,0
eval_dpetp,122,0
eval_dpkyt,136,0
eval_dpqkz,200,1
eval_dpwzt,157,0
eval_dpxzb,190,1
eval_dqwyv,119,0
eval_dqxbh,130,0
eval_drdfz,124,0
eval_igtic,107,0
eval_igxqo,165,1
eval_ihkym,122,0
eval_ihojn,165,0
eval_iibfy,205,1
eval_iigvl,178,1
eval_iiqsq,155,1
eval_iisbp,168,1
eval_iivat,170,1
eval_iixks,137,0
eval_ijajm,121,0
eval_ijibu,113,0
eval_ijmoj,168,0
eval_ijtkm,122,0
eval_ijyaq,215,1
eval_ikcew,147,0
eval_ikeru,126,0
eval_ikfit,136,0
eval_ikgvu,145,1
eval_ikmgb,162,0
eval_ikmhw,120,0
eval_ikrxo,130,0
eval_ilgte,193,1
eval_ilzeb,158,0
eval_imceu,137,0
eval_imjma,205,1
eval_imobi,148,0
eval_imsan,186,0
eval_inbmx,122,0
eval_inewg,195,0
eval_ineym,216,1
eval_xhcfu,193,1
eval_xhnmv,188,0
eval_xhzjo,178,0
eval_xicmz,180,1
eval_xieqe,118,0
eval_xijhu,122,0
eval_xiqdk,184,1
eval_xixdd,178,0
eval_xjdyt,122,0
eval_xjgtq,199,1
eval_xjhxf,122,0
eval_xjori,162,0
eval_xjtiz,112,0
eval_xjwox,116,0
eval_xjwtg,116,0
eval_xkcho,152,0
eval_xkhnx,111,0
eval_xktgj,184,1
eval_xkvyy,139,0
eval_xkxir,150,0
eval_xkzks,137,0
eval_xldme,167,1
eval_xlekp,203,1
eval_xlvdn,137,0
eval_xlvqu,145,0
eval_xlyzi,178,1
eval_xmkrw,147,0
eval_xmlro,167,0
eval_xmnax,168,1
eval_xmtbm,158,0
eval_xmxti,151,0
eval_bmuzc,125,0
eval_bnjmm,169,0
eval_bocva,186,0
eval_boigl,109,0
eval_bougq,108,0
eval_bovid,121,0
eval_boyuc,164,0
eval_bpffq,180,1
eval_bpqro,193,1
eval_bpucy,136,0
eval_bqatu,150,0
eval_bqdgk,143,0
eval_bqrdo,211,1
eval_bqrvi,158,1
eval_bqufg,182,0
eval_brpho,186,0
eval_brtkq,162,0
eval_bscfl,154,1
eval_bskos,165,0
eval_bsmmd,155,0
eval_bsqzv,113,0
eval_btcog,119,0
eval_btcrc,119,0
eval_btjqh,195,0
eval_btqwr,128,0
eval_btwao,110,0
eval_buaoy,167,1
eval_burdl,123,0
eval_buyhu,198,1
eval_buzty,128,0
eval_bvclw,172,0
eval_bvlot,154,0
eval_bvojy,203,0
eval_vavfw,139,0
eval_vboox,188,0
eval_vcdog,95,0
eval_vchnn,182,0
eval_vcogn,123,0
eval_vcufy,125,0
eval_vcygw,143,0
eval_vdjty,142,1
eval_vdmkv,144,0
eval_vdnxf,121,1
eval_vdysx,200,1
eval_vdyzy,193,1
eval_veayn,198,0
eval_veihb,198,1
eval_vepfb,152,1
eval_vezxu,136,0
eval_vfevu,134,0
eval_vfqoi,165,0
eval_vfwnq,203,1
eval_vfyap,165,1
eval_vfyvf,147,0
eval_vfzmy,182,1
eval_vgeyw,126,0
eval_vgnjz,163,1
eval_vgrxd,198,1
eval_vgycl,151,0
eval_vgysf,114,0
eval_ghlju,196,1
eval_ghmcl,195,1
eval_ghuyx,129,0
eval_gimlz,95,0
eval_gitnd,98,0
eval_giwbm,130,0
eval_gjcdf,103,0
eval_gjpgs,109,0
eval_gkbkt,188,1
eval_gkcoi,143,0
eval_gkdxj,186,1
eval_gkhaa,131,0
eval_gkpsw,155,0
eval_gkspo,138,0
eval_gkugt,163,1
eval_gkwcl,178,0
eval_gkyxp,193,1
eval_glfqr,152,1
eval_glnjo,108,0
eval_glrzo,124,0
eval_gmabl,180,1
eval_gmfaw,163,1
eval_mxlmz,133,0
eval_mxmgd,124,0
eval_mxsll,188,0
eval_mxuoz,129,0
eval_mxvxn,158,0
eval_myiky,163,0
eval_mykok,126,0
eval_mylja,213,1
eval_mymfp,103,0
eval_myneu,104,0
eval_mzqsm,150,1
eval_mzrhu,156,0
eval_nacop,184,1
eval_nanxj,103,0
eval_nazka,190,0
eval_nbmjl,151,0
eval_nbufo,172,1
eval_nbwpj,108,0
eval_nbzqm,133,1
eval_nccmq,115,0
eval_ncodc,195,1
eval_ncqdp,149,1
eval_ncquj,126,0
eval_ndfwk,176,1
eval_ndmen,130,1
eval_ndnym,115,0
eval_tggar,128,0
eval_tggne,155,0
eval_tgvgc,149,0
eval_tgytd,168,1
eval_thcxs,100,0
eval_thdnl,108,0
eval_thikb,159,1
eval_thoab,208,1
eval_thypo,139,0
eval_tigcq,155,1
eval_tiiyg,157,1
eval_tijch,126,0
eval_tipgs,118,0
eval_tjtjl,142,0
eval_tjtpg,192,0
eval_tjyjh,162,0
eval_tkdww,121,0
eval_tktwb,157,0
eval_tkzdp,200,1
eval_tlkkn,124,0
eval_tlqlu,195,1
eval_tlzcm,162,0
eval_tmaai,107,0
eval_tmaok,132,0
eval_tmjgv,144,0
eval_tmkfu,120,0
eval_tmmrp,178,1
eval_osipt,180,0
eval_osqve,138,0
eval_ostcz,172,0
eval_osvsx,198,1
eval_osxmb,194,1
eval_otebg,199,1
eval_othrj,128,0
eval_otvvh,113,0
eval_oudmx,127,0
eval_oufty,137,0
eval_oupla,193,1
eval_ouzgi,213,1
eval_ovgzs,144,0
eval_ovrey,142,0
eval_owajb,149,0
eval_owbjf,119,0
eval_owhoh,151,0
eval_owtuc,155,0
eval_owvwh,151,0
eval_oxoei,142,0
eval_oxpwi,188,1
eval_oxrwr,176,1
eval_oxtai,128,0
eval_oymcs,151,0
eval_oytea,176,0
eval_oyted,113,0
eval_ozqpv,113,0
eval_ozrdo,165,0
eval_pacwk,160,1
eval_kzwin,168,1
eval_kzwxz,168,1
eval_labzh,115,0
eval_lacsd,200,1
eval_laima,193,0
eval_lalfk,127,1
eval_lamka,185,0
eval_lawtr,115,0
eval_lbeye,132,0
eval_lbgfv,186,1
eval_lbmli,136,0
eval_lbndw,162,0
eval_lbpuj,122,0
eval_lbtib,176,0
eval_lbydw,170,0
eval_lcjyj,120,0
eval_lckcz,169,1
eval_lclnu,167,1
eval_lcloa,186,0
eval_lcoad,166,0
eval_rqhht,203,1
eval_rqjud,158,0
eval_rrali,162,1
eval_rrksj,115,0
eval_rrmcv,167,0
eval_rruoa,162,1
eval_rrwyh,142,1
eval_rryzr,165,1
eval_rsgwj,121,0
eval_rsmbr,167,0
eval_rsmuv,151,0
eval_rtdff,127,0
eval_rtdvy,118,0
eval_rtfly,133,0
eval_rthjx,114,0
eval_rtzsm,151,0
eval_rukjc,142,0
eval_ruvpn,167,1
eval_ruzic,159,0
eval_rvbvb,131,0
eval_csoyv,138,0
eval_csuzf,175,0
eval_ctibj,170,0
eval_ctkph,110,0
eval_ctldo,182,1
eval_ctlyf,193,1
eval_ctsgz,139,0
eval_cuaqn,151,0
eval_cugpn,182,1
eval_cujwg,162,0
eval_cukgy,182,1
eval_cuzfh,198,1
eval_cvgyr,184,1
eval_cvifr,167,0
eval_cvixi,121,0
eval_cvyte,132,0
eval_cwfdt,131,0
eval_cwrlz,107,0
eval_cxhyr,182,1
eval_cxvol,110,0
eval_cyjgp,157,1
eval_cyvaq,198,0
eval_czbpj,184,1
eval_czdft,198,1
eval_czkjd,101,0
eval_cztwe,115,0
eval_czuca,170,0
eval_zeupw,127,0
eval_zfaos,148,0
eval_zfmcg,163,1
eval_zfwag,193,1
eval_zgafe,117,0
eval_zgbns,188,1
eval_zggwc,184,0
eval_zgixs,107,0
eval_zgtte,180,1
eval_zguka,105,0
eval_zgvxq,112,0
eval_zgyik,169,1
eval_zgzba,163,1
eval_zgzzl,94,0
eval_zhjit,128,0
eval_zhmzv,174,0
eval_zhocn,142,0
eval_zihnn,111,0
eval_ziime,160,1
eval_zinve,120,0
eval_ziuzk,193,1
eval_zivvu,186,1
eval_ziyrb,163,1
eval_zjdmh,134,0
eval_zjfsf,109,0
eval_zjpxh,143,0
eval_zjspa,185,0
eval_zjulw,195,1
eval_zjwcb,178,0
eval_zkkys,176,1
eval_zknnc,140,1
eval_augvo,205,1
eval_augyb,131,0
eval_auhtv,111,0
eval_autnn,163,1
eval_avaxq,140,0
eval_avfah,193,0
eval_avfnp,170,0
eval_avgew,198,1
eval_avngh,190,1
eval_avojl,113,0
eval_avrbq,148,0
eval_avwul,140,0
eval_awbet,182,1
eval_awivw,163,1
eval_awril,110,0
eval_awvct,174,0
eval_axdoy,139,0
eval_axhtt,208,1
eval_axlvk,166,0
eval_axmfj,120,0
eval_axmws,131,0
eval_axnqv,114,0
eval_axuos,157,0
eval_ayfzn,130,0
eval_aygwo,123,0
eval_aymuo,200,1
eval_aymwb,154,0
eval_azxdm,182,1
eval_azzxz,170,0
eval_bagjo,115,0
eval_bajdc,132,0
eval_bbfqb,117,0
eval_bbgag,147,0
eval_jsgax,101,0
eval_jsmlo,118,0
eval_jsrzg,117,0
eval_jsupz,190,1
eval_jszzk,211,1
eval_jtawc,176,0
eval_jtexh,195,1
eval_jtkqr,131,0
eval_juqjr,208,1
eval_juusx,158,1
eval_juxdr,172,0
eval_juzsy,168,0
eval_jvchq,200,1
eval_jvgbo,168,0
eval_jvqop,131,0
eval_jvrlr,150,0
eval_jwfqa,180,1
eval_jwjvi,132,0
eval_jwnmq,157,0
eval_jwpkw,148,0
eval_jwztt,142,0
eval_jxbul,124,0
eval_jxjny,161,0
eval_jxqiq,123,0
eval_jxsjo,136,1
eval_jxxvb,111,0
eval_jxzem,116,0
eval_jyfan,148,0
eval_jyfuw,134,0
eval_jyfyn,125,0
eval_jygct,162,1
eval_jyhar,168,0
eval_jzayh,147,0
eval_jzicw,143,0
eval_jzmkv,172,0
eval_dxdtu,186,1
eval_dxhkv,152,0
eval_dxiyt,155,0
eval_dxoes,160,0
eval_dxrpd,138,0
eval_dygoq,112,0
eval_dypst,115,0
eval_dyzou,160,0
eval_dzhzk,183,0
eval_dzjbh,158,0
eval_eaavx,103,0
eval_eagfp,187,1
eval_eatxs,152,0
eval_eauem,193,1
eval_eaxut,138,0
eval_eazty,176,0
eval_ebkgi,170,1
eval_eblam,213,1
eval_ebvag,122,0
eval_echkr,145,0
eval_ecjwe,121,0
eval_ecnml,205,1
eval_ecssr,143,0
eval_ecuqe,117,0
eval_edbtd,116,0
eval_edczj,158,0
eval_eddxu,200,1
eval_edfyx,184,0
eval_edhqq,200,1
eval_edjtb,167,1
eval_edrpg,142,0
eval_edsqr,114,0
eval_edwbf,152,0
eval_eejlt,163,1
eval_eeprz,198,1
eval_eeqpj,122,0
eval_efcfi,113,0
eval_efpkm,157,0
eval_hnzsr,163,1
eval_hohds,107,0
eval_hojjc,131,0
eval_hoowd,122,0
eval_hopwi,129,0
eval_hoqiq,110,1
eval_hosqi,137,0
eval_hpbip,98,0
eval_hqbve,162,0
eval_hqhpo,106,0
eval_hqmug,136,0
eval_hrahv,128,0
eval_hrjdw,188,1
eval_hrksh,139,0
eval_hrnki,142,0
eval_hrvux,169,1
eval_hrxmk,103,0
eval_hsfmn,147,0
eval_hsjto,110,0
eval_htqio,122,0
eval_htrsm,95,0
eval_httrp,176,0
eval_hujqj,154,0
eval_hukco,174,1
eval_hukro,154,0
eval_hulqd,113,0
eval_hunmw,186,0
eval_huzym,172,0
eval_hvmkm,122,0
eval_hvtez,104,0
eval_hwqmj,165,0
eval_hwvxl,139,0
eval_hxxye,158,0
eval_hyaju,103,0
eval_wtsev,105,0
eval_wtsvy,165,1
eval_wuklf,190,1
eval_wukuo,153,1
eval_wurvl,186,1
eval_wuwgf,119,0
eval_wvjvf,113,0
eval_wvmbg,123,0
eval_wvngp,168,0
eval_wvrzy,140,0
eval_wvscr,158,0
eval_wvvnb,138,0
eval_wvzrl,203,1
eval_wwbaw,150,1
eval_wwjjn,168,1
eval_wwpll,132,0
eval_wxhpj,134,0
eval_wxhst,141,0
eval_wxjlo,101,0
eval_wxtqp,205,1
eval_wypbw,215,1
eval_wyrht,188,1
eval_wyyga,200,1
eval_wzfmd,148,0
eval_wzmcd,168,0
eval_wzmlq,105,0
eval_wzmlv,165,1
eval_wzugn,157,0
eval_wzzqv,178,0
eval_xadbk,144,0
eval_xaerl,180,0
eval_qdfbs,105,0
eval_qdhpv,163,0
eval_qdpwx,186,1
eval_qdxkw,180,0
eval_qecxt,121,0
eval_qemvq,119,0
eval_qezns,176,0
eval_qffgk,122,0
eval_qfqlb,142,0
eval_qfqvu,128,0
eval_qfsbb,119,0
eval_qfzpa,113,0
eval_qgawd,134,0
eval_qgbyw,130,0
eval_qgetj,122,0
eval_qggln,184,1
eval_qgley,174,1
eval_qgxqb,137,0
eval_qgzma,203,1
eval_qhbtu,190,1
eval_qhbyd,118,1
eval_qhtho,195,0
eval_qiubk,105,0
eval_qjehq,124,0
eval_qjobb,144,0
eval_qjpdc,180,0
eval_qjxxv,167,0
eval_qjzmv,134,0
eval_qkama,213,1
eval_qksft,180,1
eval_qktsj,186,1
eval_njfkf,178,1
eval_njsnu,198,1
eval_nkadt,165,0
eval_nkdao,114,0
eval_nkelp,167,0
eval_nkgei,184,1
eval_nkqrh,181,1
eval_nkwnd,180,0
eval_nlacv,129,0
eval_nlfws,163,0
eval_nljjk,151,0
eval_nlnva,200,1
eval_nlobp,124,0
eval_nlzuf,118,0
eval_nmibb,148,1
eval_nminu,101,0
eval_nmkwr,155,0
eval_nmmdx,180,1
eval_nmrhx,157,0
eval_nmuet,165,1
eval_nmytc,106,0
eval_nnbbr,107,0
eval_nnnal,193,1
eval_nnrkj,152,0
eval_nnrtk,125,0
eval_nnvuv,184,1
eval_vmfkb,148,0
eval_vmmbz,142,0
eval_vmwpw,147,1
eval_vmxay,200,0
eval_vmyyf,173,1
eval_vnjwz,118,0
eval_vnnij,190,0
eval_voamo,112,0
eval_voegy,216,1
eval_votqa,134,0
eval_votus,167,0
eval_vozhb,216,1
eval_vpghw,190,0
eval_vpgsy,142,0
eval_vprcx,110,0
eval_vqari,97,0
eval_vqonx,200,1
eval_vqxyo,118,1
eval_vresg,124,0
eval_ezhdj,176,1
eval_ezhwe,153,0
eval_eziwx,186,0
eval_ezjdl,198,1
eval_ezjvn,118,0
eval_ezoxm,137,0
eval_ezykp,211,1
eval_ezzkw,144,0
eval_faccj,119,0
eval_fagqx,157,0
eval_fakdg,142,0
eval_fanzd,139,0
eval_fbhmi,122,0
eval_fbpfo,120,0
eval_fcbhr,128,0
eval_fccpm,200,1
eval_fcdpq,120,0
eval_fcqye,193,0
eval_fctsz,147,0
eval_fdlvn,142,0
eval_fdmth,168,0
eval_fdoly,112,0
eval_fdqdr,122,0
eval_fedus,205,1
eval_feklp,139,0
eval_fekqh,174,0
eval_fesjo,148,0
eval_nejyw,186,1
eval_njefc,222,1
eval_nocpl,111,0
eval_nunir,186,1
eval_nzwki,183,1
eval_oelgq,111,0
eval_okoxi,200,1
eval_orqvj,143,0
eval_padmx,148,0
eval_pfloy,178,0
eval_pkeba,127,0
eval_pptbu,168,0
eval_pxtlb,134,0
eval_qdbwe,114,0
eval_qlbsl,158,1
eval_qwkza,145,0
eval_rasfa,144,0
eval_rftpj,186,1
eval_rlakf,146,0
eval_rpxjn,169,1
eval_rvlny,103,0
eval_rzumv,121,0
eval_sfeik,158,0
eval_sjidv,203,1
eval_smwzg,222,1
eval_stufw,115,0
eval_sykzp,200,1
eval_tgbki,123,0
eval_tmoum,133,0
eval_oemtc,172,1
eval_oenxz,188,0
eval_oexiv,211,1
eval_ofbei,98,0
eval_ofndv,165,1
eval_ofzjq,152,0
eval_ogjta,94,0
eval_ogqqv,160,1
eval_ogwtf,184,1
eval_ohebh,166,1
eval_ohefu,158,0
eval_ohfqd,119,0
eval_ohzie,133,1
eval_oighh,193,1
eval_oihuh,116,0
eval_oivot,176,1
eval_oiype,192,1
eval_ojggc,172,1
eval_ojpwx,185,0
eval_ojzsp,111,0
eval_okedx,167,0
eval_okkfk,94,0
eval_okocx,203,1
eval_okooi,116,0
eval_okovn,194,1
eval_xrvzx,140,0
eval_xsleb,160,0
eval_xslgo,180,0
eval_xsljt,174,0
eval_xsoxq,180,0
eval_xtcsk,203,1
eval_xtkwn,160,1
eval_xtmkk,155,0
eval_xtnuo,198,1
eval_xtrrh,136,0
eval_xtvup,176,0
eval_xudfr,145,0
eval_xufcz,99,0
eval_xuhcf,211,1
eval_xuooc,176,0
eval_xurms,194,0
eval_xurtg,182,1
eval_xusav,198,1
eval_xutzb,208,1
eval_xuxih,144,0
eval_mevkw,216,1
eval_meztx,208,0
eval_mffpa,200,1
eval_mfrkp,150,0
eval_mftdv,179,1
eval_mfwoz,137,0
eval_mgdvc,184,0
eval_mgulk,154,0
eval_mguol,182,1
eval_mgwcr,137,0
eval_mhddb,125,0
eval_mhjeu,134,0
eval_mhklx,179,1
eval_miriv,157,1
eval_mixcz,110,0
eval_mjcou,180,1
eval_mjggj,154,1
eval_mjmrt,222,1
eval_mjoaj,131,0
eval_mjpfl,180,1
eval_mjsbs,157,0
eval_mjyla,133,0
eval_mjzbe,154,0
eval_mjzuy,129,0
eval_mkitf,151,0
eval_mkugz,229,1
eval_mlmpw,184,1
eval_mlzqz,119,0
eval_mmehp,140,0
eval_mmerv,176,0
eval_mmgjo,152,1
eval_mmgjr,107,0
eval_mmmse,204,1
eval_mmtbn,115,0
eval_mmtti,172,0
eval_mmuxt,176,0
eval_pfser,152,0
eval_pfxkp,149,0
eval_pfzuf,120,0
eval_pgaau,203,1
eval_pgbrc,142,0
eval_pgdxg,168,1
eval_pgdzi,115,0
eval_pgfug,129,0
eval_pghkn,140,0
eval_pghmk,211,1
eval_pgign,101,0
eval_pgsdc,143,0
eval_pgwxm,110,0
eval_phoik,113,0
eval_pibqy,139,0
eval_pidrh,113,0
eval_pijah,105,0
eval_pikhe,143,0
eval_pinaa,163,0
eval_piqbj,213,1
eval_pistm,178,0
eval_pjauv,180,0
eval_pjcdb,165,1
eval_pjind,148,0
eval_pjnvh,139,0
eval_pjufx,170,0
eval_pjxpr,167,0
eval_pjyrn,154,0
eval_urlke,182,1
eval_urxjc,136,0
eval_ushgs,119,0
eval_usqzb,107,0
eval_ussuf,130,0
eval_utcbr,190,0
eval_utqpg,134,0
eval_uugcr,188,1
eval_uugpx,160,0
eval_uuhya,200,1
eval_uulqa,124,0
eval_uunau,144,1
eval_uuspe,142,0
eval_uuyhx,128,0
eval_uvmst,122,0
eval_uvqvd,152,0
eval_uvsyu,180,1
eval_uvzix,180,0
eval_uvzlo,125,0
eval_uvzyi,103,0
eval_fvalw,152,0
eval_fvpzn,219,1
eval_fvsne,127,0
eval_fvtmy,160,1
eval_fwdno,153,0
eval_fwgat,136,0
eval_fwiqx,147,0
eval_fwxew,216,1
eval_fwzlj,176,0
eval_fxkkt,176,1
eval_fzlli,126,0
eval_fznhj,205,1
eval_fzyal,188,1
eval_gadkk,115,0
eval_gakjo,145,0
eval_gaqoj,208,1
eval_gaygo,109,0
eval_gbcge,94,0
eval_gbfyq,155,1
eval_gcgcm,200,1
eval_trdbp,125,0
eval_trdkn,139,0
eval_trexz,122,0
eval_trjdp,188,1
eval_tsbmh,124,0
eval_tsdbh,145,0
eval_tsshv,156,0
eval_tsvjv,158,1
eval_tsxyo,109,0
eval_ttaib,208,0
eval_ttqxb,190,1
eval_ttsjy,162,0
eval_tttzw,108,0
eval_tukey,145,0
eval_tvfua,148,0
eval_tvhcy,154,1
eval_tvmaa,190,1
eval_tvtjs,188,0
eval_twkcw,155,0
eval_twleb,208,1
eval_twwxf,125,0
eval_txksd,182,1
eval_txsta,133,0
eval_tydjw,132,0
eval_sufkz,124,0
eval_sugoz,195,1
eval_suljn,178,1
eval_suoga,111,0
eval_suply,116,0
eval_svbdi,117,0
eval_svlju,186,1
eval_svsgo,203,1
eval_svspj,120,0
eval_svwgj,133,0
eval_swkiz,222,1
eval_swlso,178,1
eval_swrhb,206,1
eval_swwbv,120,0
eval_swzie,170,1
eval_sxhui,159,1
eval_sxklg,193,1
eval_sxqtq,139,0
eval_sxyzo,170,1
eval_sybag,145,1
eval_syeza,188,1
eval_syfcw,132,0
eval_syfhi,121,0
eval_kurow,160,0
eval_kutsz,126,0
eval_kuyiq,130,0
eval_kuzts,107,0
eval_kvoso,174,1
eval_kvszv,216,1
eval_kvulk,203,1
eval_kvvtl,131,0
eval_kwagp,154,1
eval_kxhte,154,0
eval_kxkro,170,0
eval_kxndu,190,0
eval_kxowo,190,1
eval_kxrto,139,0
eval_kxvtp,193,0
eval_kyakb,107,0
eval_kyatx,190,1
eval_kyfee,139,0
eval_kykwu,193,1
eval_kytik,116,0
eval_kywxo,154,1
eval_kyzoo,186,1
eval_kyzze,165,1
eval_kzgqm,152,0
eval_kzjpc,188,0
eval_kzjsa,198,1
eval_kzowg,115,0
eval_kzpnq,114,0
eval_bvupk,211,1
eval_bvzct,117,0
eval_bwbpe,216,1
eval_bwrhx,119,0
eval_bwtbi,130,0
eval_bwyxu,198,0
eval_bxbie,200,1
eval_bxpyl,100,0
eval_bxsid,103,0
eval_bxuwu,180,0
eval_bxvbd,131,0
eval_bxzzx,182,1
eval_bzldd,140,0
eval_bzlxf,120,0
eval_bzxqe,134,0
eval_bzyge,192,0
eval_cajjp,142,0
eval_carho,188,1
eval_cbfok,165,1
eval_cbfql,145,0
eval_cbjhn,120,0
eval_cbkmg,198,1
eval_cbles,165,0
eval_cbndy,178,1
eval_cbowl,203,0
eval_ccdee,134,0
eval_cctob,139,0
eval_cdknk,165,0
eval_cdrqu,174,1
eval_cecqs,168,0
eval_cefmp,147,0
eval_cegnm,119,1
eval_cenvp,154,0
eval_cezze,184,1
eval_gprus,203,1
eval_gpxat,125,0
eval_gqnzo,129,0
eval_grbji,186,1
eval_grlea,145,0
eval_grpzn,128,0
eval_grrrh,156,1
eval_grwkl,130,0
eval_grybi,150,1
eval_gryqb,176,0
eval_gsftz,180,1
eval_gshpu,186,1
eval_gsmfc,188,1
eval_gszac,123,0
eval_gtjto,128,0
eval_gtncc,117,0
eval_gtoqc,142,0
eval_gtulc,157,0
eval_gtyti,195,1
eval_gubpy,134,0
eval_gueeg,180,0
eval_gufhd,132,0
eval_gugql,195,1
eval_gulgu,198,1
eval_gumzb,168,0
eval_gurmx,106,0
eval_gusim,102,0
eval_guwwe,165,1
eval_gvaky,106,0
eval_gvbwn,184,0
eval_gvcwk,157,1
eval_gvlmj,180,0
eval_gvtgm,200,1
eval_gvvsr,203,0
eval_gvvum,98,0
eval_gwdqj,142,1
eval_gwjma,150,0
eval_ywoif,144,0
eval_ywquc,148,0
eval_ywtob,100,0
eval_ywway,133,1
eval_yxbgs,137,1
eval_yxbpk,131,0
eval_yxcgs,95,0
eval_yxgok,112,0
eval_yxouy,108,0
eval_yxshx,105,0
eval_yycss,145,0
eval_yyeal,188,1
eval_yygnp,176,0
eval_yynof,190,1
eval_yypvy,176,0
eval_yyypi,216,1
eval_yzbwq,108,0
eval_yzdfe,211,1
eval_yzdin,171,0
eval_yzdpz,205,1
eval_zahmh,120,0
eval_zajez,127,0
eval_zaqkk,110,0
eval_zbvno,193,1
eval_zbwhd,158,0
eval_zcgur,172,1
eval_zchoi,146,0
eval_zcluv,121,0
eval_zcmso,125,0
eval_zcmtr,104,0
eval_zcyvt,104,0
eval_zdbpf,235,0
eval_zdgui,138,1
eval_zdins,130,0
eval_zdktd,96,0
eval_zdyte,106,0
eval_zebak,160,1
eval_zenmj,143,0
eval_liqcl,163,1
eval_liqyp,116,0
eval_ljqhg,208,1
eval_lkeut,168,0
eval_lkgul,154,0
eval_lkokh,145,0
eval_llpdd,158,0
eval_llyhn,145,0
eval_lmdsn,184,1
eval_lnhsn,162,0
eval_lnplb,127,0
eval_lodfp,108,0
eval_logow,162,0
eval_losql,155,0
eval_lowlk,200,1
eval_lpbnw,155,1
eval_lpfyt,195,1
eval_lpxkx,186,1
eval_lqozv,141,0
eval_lqrjy,148,0
eval_depem,180,1
eval_dewmu,113,0
eval_dexst,184,1
eval_dflgt,157,0
eval_dfmyk,170,1
eval_dfpnq,213,1
eval_dfqmr,148,0
eval_dfvro,195,1
eval_dfzpa,126,0
eval_dgauy,196,0
eval_dgbuq,145,1
eval_dgcwi,168,1
eval_dgptk,112,0
eval_dgwnx,211,1
eval_dhaxw,155,0
eval_dhbpf,137,0
eval_dhqoy,211,1
eval_diicu,151,1
eval_dinaz,108,0
eval_dipzr,182,0
eval_ditod,180,1
eval_djmmx,115,0
eval_djqsx,195,0
eval_dkdnz,155,1
eval_dkfng,193,1
eval_dkook,200,1
eval_dkppc,148,0
eval_dkvkp,154,0
eval_dkyfz,195,0
eval_dkzay,160,1
eval_dkzvy,105,0
eval_dlcak,139,0
eval_dlccr,182,0
eval_dlcyv,168,0
eval_dleld,154,1
eval_rggnl,182,1
eval_rguqz,160,1
eval_rgvmg,188,0
eval_rgwpr,154,1
eval_rgych,130,0
eval_rhfvd,211,1
eval_rhgdh,125,0
eval_rhnip,122,0
eval_rhvcf,146,0
eval_ridek,198,1
eval_rifok,137,0
eval_rifqo,123,0
eval_rixgg,141,0
eval_rjbrf,174,1
eval_rjxpc,108,0
eval_rjxvh,188,0
eval_rjyqo,160,1
eval_rkmnf,203,1
eval_rkoez,110,0
eval_rkpoy,198,0
eval_rkvch,131,0
eval_efxbl,174,1
eval_egcck,167,1
eval_egcpw,160,0
eval_egdcj,165,1
eval_egdnp,183,1
eval_egfsn,155,0
eval_eggmp,160,0
eval_egisb,144,0
eval_egmdg,163,1
eval_egorq,155,0
eval_ehfoh,153,0
eval_ehugq,126,0
eval_ehvie,96,0
eval_ehzap,203,1
eval_ehzqe,137,0
eval_eibhj,127,0
eval_ejjzk,136,0
eval_ejlbh,131,0
eval_ejpan,188,1
eval_ekbcj,205,1
eval_ekglq,129,1
eval_elcyz,162,0
eval_eldcm,129,0
eval_elqln,134,0
eval_elscg,113,0
eval_elyge,189,1
eval_elzmj,112,0
eval_emald,211,1
eval_sablz,186,0
eval_saddk,178,0
eval_sahcj,105,0
eval_samxk,188,1
eval_sasfh,133,1
eval_savxj,129,0
eval_sawbv,112,0
eval_sbbef,232,1
eval_sbgpz,157,1
eval_sbpco,199,1
eval_sbtkt,150,0
eval_sbtlt,174,1
eval_sbviv,193,1
eval_scaft,198,0
eval_scbcf,203,0
eval_sccnp,174,1
eval_scfai,205,1
eval_scurw,120,0
eval_scvke,148,0
eval_sczac,113,0
eval_sdndu,155,0
eval_sdxsl,133,0
eval_sdzkm,118,0
eval_sepns,116,0
eval_cngmo,190,0
eval_cnkjm,170,1
eval_cnpmf,144,0
eval_cnwhw,108,0
eval_cnwww,140,0
eval_cokag,98,0
eval_coygu,219,1
eval_cpbuf,152,0
eval_cpdaw,174,1
eval_cpgpu,176,1
eval_cphuc,104,0
eval_cpmbh,114,0
eval_cpsat,137,0
eval_cpypj,152,0
eval_cqaxf,125,0
eval_cqlin,139,0
eval_cqlxc,162,1
eval_cqwuk,216,1
eval_cqzjd,184,1
eval_crehw,158,0
eval_crelz,165,0
eval_crgfm,180,0
eval_crjpk,182,0
eval_crmty,190,1
eval_cruke,192,1
eval_crxut,176,0
eval_cryto,154,0
eval_cshcm,155,1
eval_wnhix,200,1
eval_wocpv,172,1
eval_wohgo,148,0
eval_wolkc,107,0
eval_wonpk,129,0
eval_wopuz,165,0
eval_wopwc,211,1
eval_woxcg,216,1
eval_wozll,213,1
eval_wpdgj,187,0
eval_wpjfi,125,0
eval_wplpm,170,0
eval_wpncj,208,1
eval_wqnxz,198,1
eval_wqowc,211,1
eval_wqqll,150,0
eval_wqwmm,96,0
eval_wqzbl,135,0
eval_wrdto,117,0
eval_wrfjr,150,0
eval_wrjph,157,1
eval_wsgje,152,0
eval_wsjnk,186,1
eval_wsjqx,150,0
eval_wspmr,182,1
eval_wtgpd,152,0
eval_wtjcy,176,0
eval_aklxs,143,0
eval_aknhx,200,1
eval_akriy,140,0
eval_akwcn,119,0
eval_alosz,122,0
eval_alvpb,107,0
eval_amacv,185,0
eval_amlhd,158,1
eval_amlyy,182,1
eval_amtis,127,0
eval_anjaz,121,0
eval_anshb,107,0
eval_ansiz,110,0
eval_aogwf,213,1
eval_aoidd,118,0
eval_aonfn,203,1
eval_aopmo,143,0
eval_aouwu,180,1
eval_apbsq,158,0
eval_apcle,130,0
eval_apigq,136,0
eval_apraa,142,0
eval_aqbjy,152,0
eval_arfzm,213,1
eval_aries,143,0
eval_arjiq,119,0
eval_arrjk,139,0
eval_aruiz,180,1
eval_asoqg,180,0
eval_aspqn,111,0
eval_asqal,158,0
eval_asyel,225,1
eval_atdzv,104,0
eval_athav,125,0
eval_atkyk,180,0
eval_atpja,156,1
eval_atskf,163,0
eval_zkvax,195,1
eval_zlvmi,163,0
eval_zmcmx,137,0
eval_znfxu,180,0
eval_zngug,126,0
eval_znvev,110,0
eval_zobdr,139,0
eval_zoiqs,150,0
eval_zoknd,108,0
eval_zooty,111,0
eval_zouln,176,1
eval_zpdfd,173,0
eval_zpjtl,219,1
eval_zplag,198,1
eval_zpyuo,137,0
eval_zqbku,122,0
eval_zqfgu,142,0
eval_zqkug,208,1
eval_zqrhh,208,1
eval_zryha,213,1
eval_zscvw,129,0
eval_jhqwf,140,0
eval_jifyz,110,0
eval_jindq,188,1
eval_jivzj,147,0
eval_jjazt,113,0
eval_jjiib,96,0
eval_jjnid,117,0
eval_jjree,174,1
eval_jjrll,154,0
eval_jkerr,180,0
eval_jkigu,148,0
eval_jkkzl,128,0
eval_jktuu,168,0
eval_jkwnq,186,0
eval_jkwzv,129,0
eval_jlhbc,200,1
eval_jlixk,134,0
eval_jmcho,178,0
eval_jmmuu,203,1
eval_jmrgp,204,1
eval_hyhmn,129,0
eval_hysqh,128,0
eval_hyurh,200,1
eval_hyutb,145,0
eval_hyyoa,170,0
eval_hyzam,154,0
eval_hzwur,174,1
eval_iaihi,180,1
eval_ialzb,188,1
eval_iarrq,123,0
eval_iatzq,106,0
eval_iaujh,126,0
eval_iaynp,176,0
eval_ibsos,170,1
eval_ibynl,124,0
eval_ideaf,154,0
eval_idmbr,101,0
eval_idnfv,119,0
eval_idnra,193,1
eval_idnwu,193,1
eval_idqbn,198,0
eval_idtmo,145,0
eval_idyxd,168,0
eval_ieoxq,198,1
eval_iesla,180,1
eval_ievcq,184,0
eval_iewys,180,1
eval_ifbjq,145,1
eval_ifdfk,145,0
eval_iffpi,110,0
eval_ifuot,106,0
eval_iggkd,168,0
eval_iggvm,157,1
eval_hjbiq,162,1
eval_hjdxz,163,0
eval_hjgav,143,1
eval_hjkzn,114,0
eval_hjkzp,211,1
eval_hjloe,147,0
eval_hjqji,125,0
eval_hjuis,139,0
eval_hkhef,145,0
eval_hkjla,125,0
eval_hkmgv,188,1
eval_hkram,120,0
eval_hkrzi,182,1
eval_hlelg,176,1
eval_hlfrt,157,0
eval_hlmxx,127,0
eval_hlojf,145,0
eval_hmlkw,188,1
eval_hmoac,205,0
eval_hmrby,188,1
eval_hmveu,167,1
eval_hmwqo,182,1
eval_hmyev,131,0
eval_hmzdf,136,0
eval_hnbvg,134,0
eval_invoe,120,0
eval_ioakx,147,0
eval_iojkw,178,0
eval_iokes,150,1
eval_iopvs,140,0
eval_ioqtq,103,0
eval_iorex,211,1
eval_ioues,133,0
eval_iovgj,154,0
eval_iozqk,170,1
eval_ipjzy,111,0
eval_iptxk,98,0
eval_ipuzb,192,0
eval_ipvmq,133,0
eval_ipykb,126,0
eval_ipyuy,128,0
eval_iqemh,198,1
eval_iqhsn,147,0
eval_iqwre,170,1
eval_iqwts,119,0
eval_ircoj,172,0
eval_irgef,167,1
eval_yajzs,142,0
eval_yaptn,170,1
eval_yasow,121,0
eval_yaspm,176,1
eval_yaxsm,208,1
eval_ybdmj,219,1
eval_ybmdt,186,1
eval_ybylc,114,0
eval_ycjch,142,0
eval_ycmfy,178,0
eval_ycmwp,172,1
eval_ycqkc,186,1
eval_yddmi,130,0
eval_ydeol,144,0
eval_ydkxy,159,1
eval_ydvnx,170,1
eval_ydwut,114,0
eval_ydwzo,172,1
eval_ydwzt,208,1
eval_yeaqb,140,0
eval_yfato,195,1
eval_yfayx,132,0
eval_yfpdn,216,1
eval_yfrzf,127,0
eval_yfskh,176,0
eval_yfybz,229,1
eval_yfyvu,182,1
eval_yfywx,152,0
eval_yfzlp,113,0
eval_ygehi,157,0
eval_yglco,134,0
eval_ygmoi,172,0
eval_ygrfd,148,0
eval_yhhpj,167,1
eval_nokce,190,0
eval_nolfp,116,0
eval_nomkr,200,0
eval_nonrb,152,0
eval_noral,198,1
eval_nphen,110,0
eval_nporz,108,0
eval_npyfz,144,0
eval_nqadf,157,0
eval_nqgsk,124,0
eval_nqkuq,144,0
eval_nqyqn,132,0
eval_nrmkv,182,1
eval_nrnia,155,0
eval_nrvya,188,1
eval_nsdyv,133,0
eval_ntero,137,0
eval_ntklk,208,1
eval_ntnop,178,0
eval_ntroi,195,1
eval_ntslm,148,0
eval_nttjb,182,0
eval_nucdf,124,0
eval_nudwk,158,0
eval_nudxy,155,0
eval_nufmo,128,0
eval_nujrh,186,0
eval_numgw,193,0
eval_jzsrh,104,0
eval_kaecy,178,0
eval_kaflu,150,0
eval_kaise,203,1
eval_kajni,186,1
eval_kakks,147,0
eval_kakoc,184,1
eval_kbiiz,148,1
eval_kbkjv,182,0
eval_kbnle,203,1
eval_kbrot,128,0
eval_kcrii,219,1
eval_kctup,163,0
eval_kdalj,172,0
eval_kdaxy,183,1
eval_kdetc,155,0
eval_kdicw,120,0
eval_kdkdq,150,1
eval_kdwoa,124,0
eval_kehnn,104,0
eval_kekbs,107,0
eval_kewas,166,0
eval_kewbf,118,0
eval_kewyd,184,0
eval_kfdmq,157,0
eval_kffro,203,1
eval_kfids,182,1
eval_kfiid,152,1
eval_kfpwq,193,1
eval_kglhy,100,0
eval_kgsij,116,0
eval_kgxxr,111,0
eval_bcchp,122,0
eval_bcgfd,139,0
eval_bclvd,115,0
eval_bdsbw,188,1
eval_bdvwu,157,0
eval_bdwvl,165,1
eval_bdztf,138,0
eval_belcn,133,0
eval_beljn,121,0
eval_bfeib,172,0
eval_bgcuf,188,1
eval_bgjap,158,0
eval_bgqzz,188,1
eval_bhaer,119,0
eval_bhbnx,160,1
eval_bhbwq,150,1
eval_bhkzx,142,0
eval_bhrph,151,0
eval_bhtdc,168,1
eval_bhxkk,165,0
eval_biyxx,190,1
eval_bjadm,132,1
eval_bjapb,144,1
eval_bjtvk,160,0
eval_bjxad,137,0
eval_bkhbh,119,0
eval_bkjir,117,0
eval_bklgt,208,1
eval_bkrwc,148,0
eval_bkysn,138,0
eval_blanj,211,0
eval_blvfe,103,0
eval_blwfb,119,0
eval_blwfl,205,0
eval_blyzy,175,0
eval_bmfdg,229,1
eval_bmjgp,110,0
eval_bmjor,167,1
eval_vwrhg,124,0
eval_vxgsc,184,1
eval_vxirr,151,0
eval_vxjdq,99,0
eval_vxmrd,211,0
eval_vxynk,163,0
eval_vybkm,184,0
eval_vyqdh,143,0
eval_vyrlk,133,0
eval_vywmb,180,1
eval_vyxgb,144,0
eval_vzjza,121,0
eval_vzlgf,190,1
eval_vzrit,211,1
eval_vzuos,148,1
eval_vzwuv,165,0
eval_wanod,203,1
eval_waoku,115,0
eval_wbvxu,139,0
eval_wckdp,182,0
eval_wdehs,105,0
eval_wdfiu,125,0
eval_wdhap,123,0
eval_wdisv,203,1
eval_wdmmc,110,0
eval_wdutm,198,0
eval_wecdu,213,1
eval_wefnf,193,1
eval_wenhd,118,0
eval_weshh,178,1
eval_weshk,138,0
eval_qlfuy,150,0
eval_qlivm,157,0
eval_qlynp,163,0
eval_qlytg,198,1
eval_qmikp,200,0
eval_qmpix,107,0
eval_qmqns,150,0
eval_qnals,188,1
eval_qnfxn,119,0
eval_qnipz,222,1
eval_qnjkt,118,0
eval_qnltn,155,0
eval_qnqrk,141,0
eval_qntls,133,0
eval_qnzhi,139,0
eval_qoayj,186,1
eval_qoyox,109,0
eval_qqcdg,103,1
eval_qqfqo,142,0
eval_qqjhu,190,1
eval_qqvmd,131,0
eval_qrdil,121,0
eval_qrnew,119,1
eval_qrpxf,174,1
eval_qryul,213,1
eval_qsvce,132,0
eval_qswsd,122,0
eval_qsyhr,174,0
eval_qtcpt,165,0
eval_qtriu,144,0
eval_quyqv,148,1
eval_qvfqf,198,1
eval_qviqz,116,0
eval_qvsxy,172,0
eval_qwcoe,114,0
eval_qwdft,165,0
eval_nzypc,155,0
eval_oabkg,132,0
eval_oaiec,123,0
eval_oaqdu,225,1
eval_oavlr,190,0
eval_oayqc,157,0
eval_obink,144,0
eval_obwnc,137,0
eval_ocbmd,145,0
eval_ocbqi,168,0
eval_ocbvh,139,0
eval_ocdhx,211,1
eval_ocedc,107,0
eval_ocphs,198,0
eval_ocyyj,208,1
eval_odazq,200,1
eval_odcbn,190,1
eval_odddw,165,1
eval_odeus,213,1
eval_odfpc,131,1
eval_odoqd,178,1
eval_odqul,167,0
eval_odwgk,203,0
eval_oeizq,124,0
eval_xnmpe,147,0
eval_xnnzf,137,0
eval_xnpun,150,0
eval_xocwg,145,0
eval_xohiv,119,0
eval_xokol,99,0
eval_xoumr,170,1
eval_xozss,131,0
eval_xpcep,193,1
eval_xphih,131,0
eval_xpjgp,142,0
eval_xpjlk,130,0
eval_xplrm,155,0
eval_xpwdu,180,1
eval_xpwri,108,0
eval_xqcnd,148,0
eval_xqfmk,137,0
eval_xqmlu,182,1
eval_xqqjr,198,0
eval_xqtvd,195,1
eval_xqwdk,160,0
eval_xqysg,111,0
eval_xrcfp,136,1
eval_xalsg,184,1
eval_xathy,174,1
eval_xaweb,180,1
eval_xbdrf,122,0
eval_xblwo,188,1
eval_xbnkg,198,1
eval_xbpyq,143,0
eval_xbszt,105,0
eval_xbwut,203,1
eval_xbyyr,190,1
eval_xcbfe,113,0
eval_xchaa,193,0
eval_xckra,188,0
eval_xcnvo,110,0
eval_xcylf,150,0
eval_xdasr,95,0
eval_xdnzx,167,1
eval_xdtst,117,0
eval_xdybr,102,0
eval_xdzjl,145,0
eval_xerfa,195,1
eval_xerpr,140,0
eval_xeujp,140,0
eval_xeuyb,182,1
eval_xeynd,203,1
eval_xfccu,225,1
eval_pzcsv,104,0
eval_pzpfi,136,0
eval_pzpzg,125,0
eval_pzqep,186,0
eval_pzsth,165,0
eval_pztus,152,0
eval_pzuic,163,1
eval_qaaof,170,0
eval_qadzm,99,0
eval_qaktd,119,0
eval_qalwp,115,0
eval_qanbx,151,0
eval_qayhf,163,1
eval_qayhj,98,0
eval_qazlp,98,0
eval_qbojm,150,1
eval_qbrus,133,0
eval_qbucd,170,0
eval_qbvwh,115,0
eval_qbzyy,142,0
eval_qcbdx,118,0
eval_qclqh,188,1
eval_qcuwj,121,0
eval_qcxbs,101,0
eval_tyrin,101,0
eval_udkma,198,1
eval_ujewn,120,0
eval_urixm,200,1
eval_uwiaa,104,0
eval_vauuw,168,1
eval_vhayh,144,0
eval_vlpbl,178,1
eval_vrgkx,186,1
eval_vwohw,136,0
eval_wesmy,168,1
eval_wnbpe,111,0
eval_wtojh,193,1
eval_xafql,120,0
eval_xhbqf,179,0
eval_xniar,176,1
eval_xreih,186,0
eval_xvmqu,178,0
eval_yaiwb,119,0
eval_yhkth,113,0
eval_yptpf,174,1
eval_ywmhp,104,0
eval_zenzt,138,0
eval_zkpao,127,0
eval_ztibz,180,1
eval_panud,113,0
eval_panwq,145,0
eval_paoyb,136,0
eval_paylp,144,0
eval_pbejm,184,1
eval_pbghn,168,1
eval_pbifx,203,1
eval_pbnfm,150,1
eval_pbqpw,150,0
eval_pcaef,147,0
eval_pcaqa,154,0
eval_pcfga,193,0
eval_pcntu,142,0
eval_pcyat,114,0
eval_pcycu,113,0
eval_pdecl,119,0
eval_pdhpy,180,0
eval_pdpqg,203,1
eval_pebci,108,0
eval_pefjz,219,1
eval_pekxr,145,0
eval_peohf,100,0
eval_peoyx,133,0
eval_permr,170,1
eval_pfbmr,195,1
eval_pfbtk,203,1
eval_pfgcg,140,0
eval_mnhmy,132,0
eval_mnicm,181,0
eval_mnvrt,158,0
eval_mnwfy,100,0
eval_mpjjr,195,0
eval_mpuml,137,0
eval_mpyxu,188,1
eval_mqhdq,106,0
eval_mrhrf,128,0
eval_mslrc,165,1
eval_msmoh,134,0
eval_mtghs,208,1
eval_mticq,186,1
eval_mtnxv,172,1
eval_muadf,131,0
eval_mujdr,229,1
eval_mutii,198,1
eval_mvegm,190,0
eval_mvhgl,195,1
eval_mvhhk,174,1
eval_mvidw,109,0
eval_mvzye,186,1
eval_mwcut,198,1
eval_mwfyr,193,0
eval_mwplq,133,0
eval_mwtua,216,1
eval_koiaf,203,1
eval_kolnv,172,1
eval_kopul,123,0
eval_koqce,186,0
eval_kowqd,145,0
eval_koxyq,117,0
eval_koybi,136,0
eval_kozzj,184,1
eval_kpgea,176,1
eval_kplif,195,0
eval_kpzvw,134,0
eval_kqcnl,137,0
eval_kqhdf,109,0
eval_kqpgw,123,0
eval_kqylc,160,0
eval_krabj,113,0
eval_krbll,188,1
eval_krosk,198,1
eval_krxrz,183,0
eval_ksfem,115,0
eval_ksiue,165,1
eval_ksswy,111,0
eval_ktgsk,111,0
eval_ktjnc,127,0
eval_kuemg,145,0
eval_kunjv,186,1
eval_gwtpi,160,0
eval_hcnhh,144,1
eval_hivan,203,1
eval_hnnkz,205,1
eval_hyedo,144,0
eval_igocz,190,1
eval_intnw,103,0
eval_iroas,188,1
eval_ivyxz,195,1
eval_jczxc,203,1
eval_jhnzb,167,0
eval_jngfd,123,0
eval_jsbrj,115,0
eval_jzqbd,140,0
eval_kgyan,120,0
eval_kohno,134,0
eval_kuqai,108,0
eval_kzqur,150,0
eval_lcwwb,178,0
eval_lhusg,119,0
eval_lqyyd,138,0
eval_lvcid,145,1
eval_lzmpi,200,1
eval_meuiv,116,0
eval_mmvdf,190,1
eval_ujftu,175,1
eval_ujlyy,190,1
eval_ujqhc,151,0
eval_ujrjx,136,0
eval_ujrsv,184,1
eval_ukmhm,150,0
eval_ulytv,203,0
eval_umhkv,127,0
eval_umqzh,134,0
eval_umtxq,186,1
eval_unahy,140,0
eval_unbaq,114,0
eval_uncfs,186,0
eval_unsdk,130,0
eval_unuif,126,0
eval_unxkj,158,1
eval_uojwl,160,0
eval_uojzp,203,0
eval_uoqbd,180,0
eval_upriy,148,0
eval_uqvzi,172,0
eval_urhae,166,0
eval_drrpk,190,0
eval_drzbt,133,0
eval_dscih,165,0
eval_dsfub,158,0
eval_dshkx,168,0
eval_dslem,184,0
eval_dsmji,167,0
eval_dsqbv,222,1
eval_dtqri,160,0
eval_dtyrh,139,0
eval_dulfh,125,0
eval_dundv,140,0
eval_dupbu,156,0
eval_dutfr,195,1
eval_duucr,172,0
eval_duvqm,136,0
eval_duzka,203,1
eval_dvfap,152,0
eval_dvfpj,132,0
eval_dvjwg,180,0
eval_dvlsm,138,0
eval_dvqaa,144,0
eval_dvxxe,159,0
eval_dvzrj,209,1
eval_dvzvp,200,0
eval_dwxgs,148,0
eval_nelst,137,0
eval_nelxf,176,1
eval_nemlz,178,0
eval_neozt,116,0
eval_nergx,145,0
eval_nesft,111,1
eval_nfhpg,108,0
eval_nfnag,134,1
eval_nfuhs,182,1
eval_nfukf,140,0
eval_nghxb,109,0
eval_ngpfu,182,0
eval_ngpum,211,1
eval_ngyhi,163,0
eval_nhbif,126,0
eval_nhbqs,206,1
eval_nhdws,165,1
eval_nhjtm,174,1
eval_nhqgu,114,0
eval_nhrop,129,0
eval_niaol,108,0
eval_nihtd,188,0
eval_ninrm,181,0
eval_niuch,162,0
eval_nizks,112,0
eval_niztz,216,1
eval_okrih,144,1
eval_okucg,162,0
eval_okzsz,161,0
eval_oleef,168,0
eval_olfue,125,0
eval_olguf,144,1
eval_olupp,110,0
eval_olwpi,105,0
eval_ondvv,208,0
eval_onkbh,151,0
eval_onnyz,176,0
eval_onoiv,211,1
eval_onrdy,137,0
eval_onwsh,121,0
eval_oocxu,200,1
eval_opgbo,174,0
eval_opxmo,167,0
eval_oqdcj,132,0
eval_oqqrm,195,1
eval_oqzqg,133,0
eval_orawg,115,0
eval_orcag,180,1
eval_ordjw,174,0
eval_orhhc,129,0
eval_orntq,190,1
eval_orpmw,155,0
eval_irslh,105,0
eval_islsh,172,0
eval_isnpk,144,0
eval_isnso,151,0
eval_isopr,180,1
eval_isoyi,203,1
eval_isral,170,1
eval_issor,115,0
eval_itppu,123,0
eval_iualb,113,0
eval_iuhpf,139,0
eval_iukep,218,1
eval_iusqg,119,1
eval_iuvpq,160,1
eval_iuwqa,121,0
eval_ivbqi,180,0
eval_iviky,174,0
eval_ivrdc,167,0
eval_ivvyf,143,0
eval_ivwow,125,0
eval_ivxqr,156,0
eval_lzuls,115,0
eval_lzzsu,213,1
eval_magsy,116,0
eval_majfq,127,0
eval_matqh,143,0
eval_maufm,115,0
eval_mazkv,137,0
eval_mbewo,110,0
eval_mbmhg,208,1
eval_mbrto,126,0
eval_mbzps,167,0
eval_mcais,168,0
eval_mccig,203,0
eval_mcitx,101,0
eval_mdbhe,154,0
eval_mddan,100,0
eval_mddnu,137,0
eval_mddqg,208,0
eval_mditx,134,0
eval_mdjjy,174,0
eval_mdygd,147,1
eval_mehtz,143,0
eval_meqcl,137,0
eval_meuiu,174,1
eval_pkjap,193,1
eval_pkmvu,117,0
eval_pkxgg,119,0
eval_plspt,133,0
eval_plvnj,129,0
eval_pmctb,150,0
eval_pmdmz,96,0
eval_pmfrq,120,0
eval_pmjrv,152,0
eval_pmqve,195,0
eval_pngir,137,0
eval_poazd,111,0
eval_pobkt,145,0
eval_pocxn,107,0
eval_pofat,176,0
eval_pohcy,180,0
eval_poltu,200,1
eval_posyy,124,0
eval_poysq,129,0
eval_ppajg,165,1
eval_ppbnp,131,0
eval_pplij,174,0
eval_esinb,182,1
eval_eslyj,184,1
eval_estuu,208,1
eval_esywt,113,0
eval_etbvg,211,1
eval_etitr,184,1
eval_etkfi,189,1
eval_ettrg,172,1
eval_eunyi,187,1
eval_eurdp,184,1
eval_evosg,163,1
eval_ewbfm,190,1
eval_ewluk,128,0
eval_ewmcr,170,0
eval_ewoyi,165,1
eval_ewtru,188,0
eval_ewwil,175,1
eval_ewwwv,96,0
eval_exdrn,110,0
eval_exlua,137,0
eval_exotw,138,0
eval_eyobe,151,0
eval_eypol,132,0
eval_eyqtp,127,0
eval_tzejm,137,0
eval_uacnf,107,0
eval_uagxo,99,0
eval_uaimm,180,0
eval_uapwq,136,0
eval_uaqug,114,0
eval_ubaui,101,0
eval_ubkus,160,0
eval_ubsqm,104,0
eval_ucgtu,139,0
eval_uciyw,150,0
eval_ucnqj,222,1
eval_ucogh,195,1
eval_ucpes,98,0
eval_ucqiz,107,0
eval_ucvlx,144,0
eval_ucyrg,205,1
eval_udcnp,129,0
eval_udfbg,118,0
eval_udfcv,110,0
eval_udhwr,186,1
eval_udiih,170,1
eval_syoyl,138,0
eval_syxnj,178,0
eval_szmwk,108,0
eval_tadae,190,1
eval_tafus,180,1
eval_taiub,186,1
eval_tanhq,133,0
eval_tapks,174,1
eval_tbyas,115,0
eval_tchtr,188,1
eval_tcody,208,1
eval_tcusb,116,0
eval_tcvwb,205,1
eval_tczfj,113,0
eval_tdhnf,101,0
eval_tdzpp,143,0
eval_telnd,127,0
eval_teonr,160,0
eval_tevjd,219,1
eval_tewri,116,0
eval_tezyr,186,1
eval_tfhwf,211,0
eval_tfnja,163,0
eval_ffefe,200,0
eval_ffffq,143,0
eval_ffhix,178,1
eval_ffkpx,160,0
eval_ffmqm,109,0
eval_ffwtb,176,0
eval_fgdzt,222,1
eval_fgeqp,195,1
eval_fgfxl,160,1
eval_fghgp,193,1
eval_fgzqp,132,0
eval_fhslx,219,1
eval_fhvgs,190,1
eval_fiacb,155,1
eval_figeg,126,0
eval_filcg,145,0
eval_fiunf,186,0
eval_fiyqe,157,1
eval_fizzu,188,1
eval_fjirs,170,0
eval_fjizw,143,0
eval_fjjys,112,0
eval_fjpzs,95,0
eval_fjxph,188,1
eval_yqdof,163,0
eval_yrceq,106,0
eval_yrfkp,96,0
eval_yrgcd,168,0
eval_yrkle,139,0
eval_yrnqr,172,0
eval_yrrmm,159,0
eval_yruck,100,0
eval_yrxdv,168,1
eval_ysarc,126,0
eval_yscjs,142,0
eval_ytjcr,184,1
eval_ytjqt,152,0
eval_ytmyz,180,1
eval_ytpbq,127,0
eval_ytqoq,125,0
eval_yujjl,136,0
eval_yuphk,168,0
eval_yusmm,118,0
eval_yvadz,123,0
eval_yvess,151,0
eval_yvivq,115,0
eval_yvkcq,160,0
eval_ywhbp,183,0
eval_ywmbr,129,0
eval_tmphg,157,0
eval_tmsln,216,1
eval_tmtlf,162,1
eval_tmujw,151,1
eval_tmzve,108,0
eval_tnhyj,180,1
eval_tnqjo,145,1
eval_tntmp,190,1
eval_tnytn,152,0
eval_tnzxx,112,0
eval_toayf,211,1
eval_todhb,176,1
eval_tolpu,131,0
eval_topmv,139,0
eval_torso,142,0
eval_tovcw,114,0
eval_toyzr,200,1
eval_tpexj,203,1
eval_tphru,140,0
eval_tppgo,193,0
eval_tpvqi,190,0
eval_tpzab,154,1
eval_tqkzk,172,1
eval_tqvuh,126,0
eval_snmrk,119,0
eval_snvfy,119,0
eval_sodlb,178,1
eval_soino,155,1
eval_sojnr,109,0
eval_sojxg,129,0
eval_sokwf,176,1
eval_sonju,200,1
eval_souqp,205,1
eval_spdht,132,0
eval_splvj,144,0
eval_sqvbn,167,0
eval_sqwbm,188,1
eval_srcyo,158,0
eval_srfbq,179,0
eval_srhhs,172,0
eval_srqnl,147,0
eval_srzmv,150,1
eval_ssawb,193,1
eval_sskqn,175,0
eval_sthqn,125,0
eval_sthsf,131,0
eval_strfz,133,1
eval_gmprp,133,0
eval_gmqyd,134,0
eval_gmrvy,130,0
eval_gmtqx,143,0
eval_gniae,198,1
eval_gnijm,118,0
eval_gnkiu,134,0
eval_gnnds,213,0
eval_gnopa,174,1
eval_gnumd,131,0
eval_goasi,155,0
eval_gonyz,154,1
eval_gosdp,110,0
eval_gowjl,166,0
eval_goxqw,165,0
eval_gpgfg,117,0
eval_gpntr,134,0
eval_gpqaz,158,0
eval_gpqbb,211,1
eval_sfiwm,152,0
eval_sfmnj,119,0
eval_sfpnh,123,0
eval_sfsmk,151,0
eval_sfvyi,219,1
eval_sfzsu,155,0
eval_sggio,208,1
eval_sgqzx,166,0
eval_sgxma,170,1
eval_shghm,138,0
eval_shnqu,110,0
eval_sifll,157,0
eval_siiek,110,0
eval_sinoc,143,1
eval_siqom,193,0
eval_siqxb,193,1
eval_sirkt,100,0
eval_sitvd,170,1
eval_sivxr,147,0
eval_siwhx,165,0
eval_sjegc,160,0
eval_sjhuv,152,1
eval_vhgpi,178,1
eval_vhhnk,167,0
eval_vhlqi,96,0
eval_vhmbr,172,1
eval_vhoam,127,0
eval_vhsjj,125,0
eval_vhsxu,193,1
eval_vhygg,211,1
eval_vipvu,182,0
eval_viupy,119,0
eval_vjcdh,120,0
eval_vjivt,162,0
eval_vjsas,110,0
eval_vjtaf,103,0
eval_vkmxl,152,0
eval_vkowf,168,1
eval_vkthc,119,0
eval_vlewo,195,1
eval_vljkn,127,0
eval_vlllj,198,1
eval_vllmj,168,1
eval_fotuj,113,0
eval_fpokm,162,1
eval_fppfq,195,1
eval_fpvqc,144,0
eval_fqafe,190,0
eval_fqccg,113,0
eval_fqdqj,142,0
eval_fqpdb,140,0
eval_fqudz,151,0
eval_fqwzk,158,0
eval_fqypk,102,0
eval_frlip,120,0
eval_frqbh,178,1
eval_fsavp,142,0
eval_fsjpu,222,1
eval_fsqfm,168,0
eval_fthgv,179,0
eval_fthrr,190,0
eval_ftzpc,152,1
eval_fuobc,128,0
eval_fuuce,127,0
eval_fuvtc,148,0
eval_dasqc,195,1
eval_davfb,142,0
eval_dawll,154,1
eval_dbaat,185,0
eval_dcmpj,165,1
eval_dcppn,190,0
eval_dcrmu,188,1
eval_dcsxa,151,1
eval_dcsxb,108,0
eval_dcvva,132,0
eval_dcwdm,186,1
eval_dddjk,168,1
eval_ddign,158,0
eval_ddlkh,129,0
eval_ddskf,208,1
eval_ddsmn,167,0
eval_deboq,148,0
eval_debsz,127,0
eval_dedpu,167,0
eval_dehob,121,0
eval_deiqa,118,0
eval_aevrk,200,1
eval_afbuj,130,0
eval_afkxf,148,0
eval_afocl,182,0
eval_afxky,193,1
eval_agmiq,117,0
eval_agydj,160,0
eval_ahgsy,162,0
eval_ahjpb,140,1
eval_ahygl,111,0
eval_aibwk,95,0
eval_aigus,168,0
eval_aiidk,167,0
eval_ailbc,120,0
eval_ainhn,155,0
eval_aipxi,130,0
eval_airei,176,0
eval_ajnqy,116,0
eval_ajtul,176,1
eval_rawaw,101,0
eval_raztf,141,0
eval_rbdoy,115,0
eval_rbhzg,145,0
eval_rbkkz,140,0
eval_rbqfe,142,0
eval_rbtgb,184,1
eval_rbyhj,186,1
eval_rcbeg,142,1
eval_rcrgi,114,0
eval_rddrc,148,1
eval_rdfho,108,0
eval_rdidf,182,1
eval_rdogt,140,0
eval_rduth,124,0
eval_rdwms,160,0
eval_rdzox,176,1
eval_rebsb,182,1
eval_rejur,174,0
eval_rejzt,117,0
eval_reozg,126,0
eval_rfelv,136,0
eval_rfgmr,137,0
eval_rfmmc,128,0
eval_rftdg,186,1
eval_ztjnq,211,0
eval_ztjvb,96,0
eval_zuber,150,0
eval_zvoqq,105,0
eval_zvpdk,182,1
eval_zvqom,109,0
eval_zwfxl,130,0
eval_zwmia,136,0
eval_zwmog,140,0
eval_zxcfi,110,0
eval_zxgtj,195,0
eval_zychx,98,0
eval_zycnq,184,1
eval_zysim,168,0
eval_zywly,128,0
eval_zzeiy,122,0
eval_zzfbg,114,0
eval_zzgrt,136,0
eval_zzogz,112,0
eval_zzqqe,163,0
eval_zzugr,213,1
eval_gcvcr,117,0
eval_gdhvi,134,0
eval_gdkvd,167,1
eval_gegcj,94,0
eval_geqly,145,0
eval_gfaly,172,1
eval_gfcrb,193,1
eval_gfgpa,190,1
eval_gfpcf,167,0
eval_gfqoe,109,0
eval_gfwyb,168,1
eval_ggbot,155,0
eval_ggcnt,141,0
eval_ggdnk,150,0
eval_ggfvy,145,0
eval_gglqo,103,0
eval_ggpau,133,0
eval_ggwqt,172,1
eval_ggxie,171,0
eval_ghevo,142,1
eval_hddtm,149,0
eval_hdjry,110,0
eval_hevik,186,1
eval_hevzv,167,1
eval_hewoz,186,1
eval_heynf,120,0
eval_heyvj,130,0
eval_hezpv,110,0
eval_hfpsv,184,1
eval_hfwqo,151,0
eval_hgdic,127,0
eval_hgfjz,134,0
eval_hgigw,107,0
eval_hgjoz,198,1
eval_hgnnf,142,0
eval_hgnrs,122,0
eval_hgweu,174,1
eval_hhbaj,120,0
eval_hhewj,132,0
eval_hhlxv,157,0
eval_hhtfi,165,0
eval_hiiqh,107,0
eval_jdczu,183,1
eval_jdegc,213,1
eval_jdesm,162,0
eval_jdoqa,118,0
eval_jdrjl,203,1
eval_jdwzm,178,0
eval_jejcx,138,0
eval_jeknk,185,0
eval_jeldm,108,0
eval_jeqvf,108,0
eval_jfazd,140,0
eval_jfbnp,138,0
eval_jfsnp,163,0
eval_jgags,182,1
eval_jgehg,213,0
eval_jgfty,142,0
eval_jglea,184,0
eval_jgxuu,176,1
eval_rlcjl,188,1
eval_rlgyi,163,1
eval_rloun,203,1
eval_rlqux,144,0
eval_rltrs,117,0
eval_rlzfa,187,0
eval_rmiyn,178,1
eval_rmmrp,97,0
eval_rnesd,118,0
eval_rnjbq,119,0
eval_rnnvq,165,1
eval_rnqci,129,0
eval_rnyzw,115,0
eval_roked,200,1
eval_romab,136,0
eval_ronhj,200,1
eval_rpfrz,125,0
eval_rphfp,107,0
eval_rpigs,180,1
eval_rpshb,126,0
eval_xvygi,163,0
eval_xwixc,163,1
eval_xwrsw,133,1
eval_xwzdl,145,0
eval_xxhzk,119,0
eval_xxone,122,0
eval_xxtxf,124,0
eval_xxuuu,148,0
eval_xxwut,122,0
eval_xxyny,143,0
eval_xygbq,175,0
eval_xyyzt,170,0
eval_xzmxk,200,1
eval_xzpdf,158,1
eval_xztjr,176,0
eval_yaahv,99,0
eval_yadaq,113,0
eval_yagiw,188,1
eval_jnmvo,147,0
eval_jnuoc,144,0
eval_jnuwd,154,1
eval_jokue,136,0
eval_jongn,157,1
eval_jozzh,133,0
eval_jpumy,178,1
eval_jpwpt,111,0
eval_jpyyw,107,0
eval_jqdsr,154,0
eval_jqfoc,198,1
eval_jqgqn,190,1
eval_jqkgj,188,1
eval_jqrus,137,0
eval_jqvji,203,1
eval_jrbmk,158,1
eval_jrhzo,203,1
eval_jrvak,137,0
eval_jrxjn,113,0
eval_uwidt,205,1
eval_uwiou,123,0
eval_uwwdh,170,0
eval_uwymt,110,0
eval_uxevs,194,0
eval_uxgul,97,0
eval_uxixi,203,1
eval_uxjhf,154,0
eval_uxogm,164,0
eval_uxopa,114,0
eval_uxryh,195,0
eval_uxytm,125,0
eval_uytlf,131,0
eval_uzanj,208,1
eval_uzhml,178,1
eval_uzkub,133,0
eval_uzyot,120,0
eval_vabba,110,0
eval_vaidp,190,1
eval_vrvul,150,0
eval_vssri,172,0
eval_vswhr,203,1
eval_vtbyf,122,0
eval_vtevz,167,1
eval_vtfib,173,0
eval_vtfrn,99,0
eval_vtipi,186,0
eval_vuafs,219,1
eval_vudod,188,1
eval_vuejs,128,0
eval_vufol,203,1
eval_vuhfl,120,0
eval_vuizn,122,0
eval_vujyq,151,0
eval_vuoyb,131,0
eval_vupri,198,1
eval_vvjrc,110,0
eval_vvmho,151,0
eval_vvmsy,162,0
eval_vwgqn,190,1
eval_lrgjx,138,0
eval_lrjav,190,1
eval_lrvxe,142,0
eval_lsbqm,170,0
eval_lscyi,133,0
eval_lsjup,145,0
eval_lsxmv,184,1
eval_ltqbn,205,1
eval_ltrzh,137,1
eval_ltttl,150,0
eval_ltvme,126,0
eval_lubwg,134,0
eval_lungq,167,1
eval_luqez,216,1
eval_luszn,122,0
eval_lutqp,167,0
eval_luuxd,186,1
eval_luzyn,165,1
eval_lvahs,165,0
eval_rvnhb,137,0
eval_rwekf,195,1
eval_rwryu,148,0
eval_rwvqj,104,0
eval_rwvxv,160,0
eval_rwwye,203,1
eval_rxcvd,116,0
eval_rxelb,137,0
eval_rxvvp,125,0
eval_ryeck,184,1
eval_ryedr,138,0
eval_rylpk,184,1
eval_ryshy,112,0
eval_rzaed,131,0
eval_rzfkd,110,0
eval_rzfnl,144,1
eval_rzpvv,133,0
eval_rzqby,208,0
eval_ldcjq,174,1
eval_ldgwx,190,0
eval_ldtet,157,0
eval_leart,152,1
eval_lelxk,222,1
eval_lemox,182,1
eval_lervz,126,0
eval_lfmhg,148,0
eval_lfnlv,159,0
eval_lftmn,113,0
eval_lfziq,152,0
eval_lgeev,106,0
eval_lgjzk,117,0
eval_lgkbv,116,0
eval_lgmxr,168,0
eval_lgpzf,167,1
eval_lhlbc,108,0
eval_lhmyq,201,1
eval_lhrxb,121,1
